train_view \ test_view,random_50pct,random_65pct,random_80pct,block_observed_50pct,line_sensors_50pct,horizontal_lines_50pct,vertical_lines_50pct,boundary_band_50pct,clustered_50pct
random_50pct,0.007139146845064518,0.006371138851254291,0.0057467961264696145,71.17022296327086,0.021655149665963828,0.02482423575309061,0.02423859652667486,85.56853843883077,15.432025848759043
random_65pct,0.013310429575488295,0.011680929111539869,0.010337459638819674,2.50920879807551,0.04725264417628174,0.049611145196092145,0.050680669962396833,3.023498372898375,0.4046086526109089
random_80pct,0.06932559696396413,0.06872249820581028,0.06835779470502479,0.842630701089436,0.09702833497168131,0.10258934940248889,0.09887164547034859,0.9351530715027333,0.4301376239103715
block_observed_50pct,0.2703632398925664,0.2706423153885442,0.2697285809528791,0.2864773094957823,0.2865012943135848,0.2967362496939538,0.28879266580108603,0.259624719662477,0.5962488661260583
line_sensors_50pct,0.008131730846750755,0.007857344582901708,0.007672980838834613,20.63948637953087,0.010846739780981171,0.011688194902222419,0.011616260022992781,8.913434693199907,6.390115965309008
horizontal_lines_50pct,0.008781985116185928,0.007611264489348652,0.00674803223616843,26.94248173545438,0.023837884899039617,0.007399999534644867,0.045628574607717874,33.87167612694085,6.17191955690438
vertical_lines_50pct,0.01597363328233609,0.013293785471239937,0.011136055685166544,4.11757857724355,0.055430161157134845,0.08400538456883774,0.011075351746139979,0.9230425503004797,6.42685590593237
boundary_band_50pct,6.052329465524507,6.06770107796225,6.068153525975037,9.746254203406522,6.733295081269747,6.575344991304355,6.917494673904373,0.07352622713876628,27.016236328503012
clustered_50pct,0.016310797902121386,0.016266068628600156,0.01622224101149292,0.37924390737959585,0.016855252610093262,0.01688661417769015,0.01688339308674476,0.3419031570343194,0.03689583810541344
