pde,method,test_view,mixed_relative_l2,specialist_relative_l2,specialist_cohort,specialist_actual_epochs,mixed_over_specialist,other_specialists_mean,other_specialists_best
navier_stokes,ufno_2d,random_50pct,0.008298488100257753,0.013267881685895731,original500_recovered,500,0.6254568963393279,0.08778022007168473,0.011833391258910335
navier_stokes,ufno_2d,random_65pct,0.008094245730801084,0.006377037419759482,original500_recovered,500,1.2692799489808184,0.039057832512625866,0.009177162312438758
navier_stokes,ufno_2d,random_80pct,0.008205769206791405,0.006678757451685297,original500_recovered,500,1.2286371029570458,0.025015066755789184,0.0065926945632686015
navier_stokes,ufno_2d,block_observed_50pct,0.08073317230181473,0.054316744815960626,original500_recovered,500,1.4863404015715576,0.3935333615100978,0.1358784207593384
navier_stokes,ufno_2d,line_sensors_50pct,0.010433186636376142,0.010868908281842178,original500_recovered,500,0.9599111857265406,0.11254742653983651,0.029471473270829395
navier_stokes,ufno_2d,horizontal_lines_50pct,0.011090116510982757,0.009873402945853446,original500_recovered,500,1.1232314301160267,0.11983640237793723,0.012929566036841837
navier_stokes,ufno_2d,vertical_lines_50pct,0.011184421075432584,0.01135481022574592,original500_recovered,500,0.9849940996876376,0.1219901097850677,0.012250112697021814
navier_stokes,ufno_2d,boundary_band_50pct,0.0655569238546389,0.026491854477158402,original500,500,2.4746068234355914,0.34980481860667956,0.04708339277743371
navier_stokes,ufno_2d,clustered_50pct,0.11078421772181038,0.0906950449619282,original500_recovered,500,1.2215024290281258,0.37999883817379954,0.23237171169130577
poisson,ufno_2d,random_50pct,0.01773977203947822,0.18368405634891138,budget200_min120,130,0.09657763657930758,0.5971934400669356,0.061752409322684644
poisson,ufno_2d,random_65pct,0.017861278772077927,0.3392153446665745,budget200_min120,151,0.05265468986856813,0.5371683161714873,0.049373378117479744
poisson,ufno_2d,random_80pct,0.020420094453003426,0.055374785805543655,budget200_min120,163,0.3687615971050698,0.6265263572597408,0.03875575384756563
poisson,ufno_2d,block_observed_50pct,0.23642955299971724,0.06780625490137154,budget200_min120,200,3.4868398696199763,1.589097332857027,0.38287887021720257
poisson,ufno_2d,line_sensors_50pct,0.0217016631014158,0.1647116112122299,budget200_min120,134,0.1317555146337154,0.713229444048057,0.05311721524162973
poisson,ufno_2d,horizontal_lines_50pct,0.024852488129623512,0.08151409234066315,budget200_min120,130,0.30488578619952195,0.7808701982593589,0.06685123522102182
poisson,ufno_2d,vertical_lines_50pct,0.025581426112559695,0.05882955557417408,budget200_min120,137,0.43483969686471385,0.7805145715622066,0.07145400149404786
poisson,ufno_2d,boundary_band_50pct,0.14307700565062834,0.044163748534783685,budget200_min120,200,3.2396934227161416,1.466042079468937,0.04741449644979962
poisson,ufno_2d,clustered_50pct,0.1335299765930307,0.0531310100898186,budget200_min120,200,2.51322111827531,1.3093349241796535,0.35761820790284493
helmholtz,deeponet,random_50pct,0.046758267181921644,0.019296810017442566,original500,500,2.4231086454007897,1.4975120213364241,0.04230218281569335
helmholtz,deeponet,random_65pct,0.042115010668122316,0.019197040042352082,original500,500,2.19382834932933,1.4878522365372537,0.03624567050528834
helmholtz,deeponet,random_80pct,0.044055234424357916,0.016964829354587242,original500,500,2.5968569151829106,1.4528506114379418,0.04291998171825206
helmholtz,deeponet,block_observed_50pct,0.27101174007851175,0.09523207294330664,original500,500,2.8458032226165013,0.8524946069115404,0.7707694536200165
helmholtz,deeponet,line_sensors_50pct,0.08115359830493524,0.025958735276808333,original500,500,3.126253934930269,2.3039112632611034,0.10947785012200129
helmholtz,deeponet,horizontal_lines_50pct,0.09470844064466831,0.024203899707895927,original500,500,3.912941376706003,2.93213691820191,0.13198384803370625
helmholtz,deeponet,vertical_lines_50pct,0.09768188271333371,0.023997959349613435,original500,500,4.070424542781268,2.6570131540437183,0.13475884957975082
helmholtz,deeponet,boundary_band_50pct,0.07903390965801142,0.07010405732325538,original500,500,1.1273799645230203,0.7482080490443124,0.05526933150165709
helmholtz,deeponet,clustered_50pct,0.3364816991307111,0.15607051238892733,original500,500,2.1559594697312168,1.4771620790332811,0.47960541824134606
heat,deeponet,random_50pct,0.1001852199071145,0.08275912680942202,original500,500,1.2105640038689793,5.696530847186106,0.2520131324619163
heat,deeponet,random_65pct,0.09059472449961045,0.07953223418074072,original500_recovered,500,1.1390944242020122,4.96404014165344,0.20448112076747493
heat,deeponet,random_80pct,0.08801423961000823,0.07826790028658293,original500,500,1.1245253710363823,2.643679816243034,0.12419667630209869
heat,deeponet,block_observed_50pct,0.16401143275896665,0.1116521270643465,original500_recovered,500,1.468950364594889,1.9910739300242157,0.48574601720885624
heat,deeponet,line_sensors_50pct,0.10481847332118209,0.08380277099478961,original500,500,1.250775744965511,12.012131417823777,0.4587209465412884
heat,deeponet,horizontal_lines_50pct,0.12293597421937723,0.09001928854272254,original500,500,1.3656625842030807,14.440673344375504,0.19067682203723546
heat,deeponet,vertical_lines_50pct,0.13210614474326624,0.088324100822979,original500,500,1.4956975900387157,12.725217967548565,0.1849516856540297
heat,deeponet,boundary_band_50pct,0.10562183761041753,0.07492167253991538,original500_recovered,500,1.4097634773722687,1.2835821123030449,0.09538561400106729
heat,deeponet,clustered_50pct,0.28804082785649304,0.19502829670794608,original500_recovered,500,1.4769181330021703,1.8542068176392439,0.6250220302731433
helmholtz,fno,random_50pct,0.016009795365644935,0.008588103420163713,original500,500,1.8641828797794968,0.2962651381015824,0.01943570761221443
helmholtz,fno,random_65pct,0.015410891990801766,0.005197345855732837,original500,500,2.9651465225857665,0.3452506956231695,0.06762197343562126
helmholtz,fno,random_80pct,0.016553388701130257,0.011976765036184283,original500,500,1.3821251941671266,0.5098088599468212,0.12501370920489538
helmholtz,fno,block_observed_50pct,0.16007180356398762,0.056377144941685095,original500,500,2.839303120609625,1.1636721119976998,0.33322060100747025
helmholtz,fno,line_sensors_50pct,0.02009455877378947,0.015613277215757304,original500,500,1.2870173568371375,0.3390832830741535,0.037024534050947834
helmholtz,fno,horizontal_lines_50pct,0.020995795415860018,0.012432208652604408,original500,500,1.6888226382414868,0.36779832989034467,0.020934347736503746
helmholtz,fno,vertical_lines_50pct,0.021985814774911842,0.011576614079783516,original500,500,1.8991576140821809,0.4050156106691883,0.02053032302987861
helmholtz,fno,boundary_band_50pct,0.06295480774091147,0.025457218997009666,original500,500,2.472964849314706,1.0692020148861814,0.041802659328702634
helmholtz,fno,clustered_50pct,0.14387958835074005,0.043150691637258376,original500,500,3.334351846784943,0.9715134005490866,0.5347984106933322
