pde,method,train_view,test_view,task,metric,value,identity_count,training_protocol,planned_epochs,actual_epochs,stop_reason,mask_spec,paper_cell
navier_stokes,ufno_2d,mixed_nine_views,random_50pct,rollout,relative_l2,0.008298488100257753,200,pdeobs.fixed500-last-checkpoint/v7,500,500,max_epochs_500,"random_3pct(ratio=0.5) + random_3pct(ratio=0.65) + random_3pct(ratio=0.8) + block_missing(missing_fraction=0.49) + line_sensors(num_lines=76, orientation=both) + line_sensors(num_lines=64, orientation=horizontal) + line_sensors(num_lines=64, orientation=vertical) + boundary_sensors(width=19) + clustered_sensors(ratio=0.5)",False
navier_stokes,ufno_2d,mixed_nine_views,random_65pct,rollout,relative_l2,0.008094245730801084,200,pdeobs.fixed500-last-checkpoint/v7,500,500,max_epochs_500,"random_3pct(ratio=0.5) + random_3pct(ratio=0.65) + random_3pct(ratio=0.8) + block_missing(missing_fraction=0.49) + line_sensors(num_lines=76, orientation=both) + line_sensors(num_lines=64, orientation=horizontal) + line_sensors(num_lines=64, orientation=vertical) + boundary_sensors(width=19) + clustered_sensors(ratio=0.5)",False
navier_stokes,ufno_2d,mixed_nine_views,random_80pct,rollout,relative_l2,0.008205769206791405,200,pdeobs.fixed500-last-checkpoint/v7,500,500,max_epochs_500,"random_3pct(ratio=0.5) + random_3pct(ratio=0.65) + random_3pct(ratio=0.8) + block_missing(missing_fraction=0.49) + line_sensors(num_lines=76, orientation=both) + line_sensors(num_lines=64, orientation=horizontal) + line_sensors(num_lines=64, orientation=vertical) + boundary_sensors(width=19) + clustered_sensors(ratio=0.5)",False
navier_stokes,ufno_2d,mixed_nine_views,block_observed_50pct,rollout,relative_l2,0.08073317230181473,200,pdeobs.fixed500-last-checkpoint/v7,500,500,max_epochs_500,"random_3pct(ratio=0.5) + random_3pct(ratio=0.65) + random_3pct(ratio=0.8) + block_missing(missing_fraction=0.49) + line_sensors(num_lines=76, orientation=both) + line_sensors(num_lines=64, orientation=horizontal) + line_sensors(num_lines=64, orientation=vertical) + boundary_sensors(width=19) + clustered_sensors(ratio=0.5)",False
navier_stokes,ufno_2d,mixed_nine_views,line_sensors_50pct,rollout,relative_l2,0.010433186636376142,200,pdeobs.fixed500-last-checkpoint/v7,500,500,max_epochs_500,"random_3pct(ratio=0.5) + random_3pct(ratio=0.65) + random_3pct(ratio=0.8) + block_missing(missing_fraction=0.49) + line_sensors(num_lines=76, orientation=both) + line_sensors(num_lines=64, orientation=horizontal) + line_sensors(num_lines=64, orientation=vertical) + boundary_sensors(width=19) + clustered_sensors(ratio=0.5)",False
navier_stokes,ufno_2d,mixed_nine_views,horizontal_lines_50pct,rollout,relative_l2,0.011090116510982757,200,pdeobs.fixed500-last-checkpoint/v7,500,500,max_epochs_500,"random_3pct(ratio=0.5) + random_3pct(ratio=0.65) + random_3pct(ratio=0.8) + block_missing(missing_fraction=0.49) + line_sensors(num_lines=76, orientation=both) + line_sensors(num_lines=64, orientation=horizontal) + line_sensors(num_lines=64, orientation=vertical) + boundary_sensors(width=19) + clustered_sensors(ratio=0.5)",False
navier_stokes,ufno_2d,mixed_nine_views,vertical_lines_50pct,rollout,relative_l2,0.011184421075432584,200,pdeobs.fixed500-last-checkpoint/v7,500,500,max_epochs_500,"random_3pct(ratio=0.5) + random_3pct(ratio=0.65) + random_3pct(ratio=0.8) + block_missing(missing_fraction=0.49) + line_sensors(num_lines=76, orientation=both) + line_sensors(num_lines=64, orientation=horizontal) + line_sensors(num_lines=64, orientation=vertical) + boundary_sensors(width=19) + clustered_sensors(ratio=0.5)",False
navier_stokes,ufno_2d,mixed_nine_views,boundary_band_50pct,rollout,relative_l2,0.0655569238546389,200,pdeobs.fixed500-last-checkpoint/v7,500,500,max_epochs_500,"random_3pct(ratio=0.5) + random_3pct(ratio=0.65) + random_3pct(ratio=0.8) + block_missing(missing_fraction=0.49) + line_sensors(num_lines=76, orientation=both) + line_sensors(num_lines=64, orientation=horizontal) + line_sensors(num_lines=64, orientation=vertical) + boundary_sensors(width=19) + clustered_sensors(ratio=0.5)",False
navier_stokes,ufno_2d,mixed_nine_views,clustered_50pct,rollout,relative_l2,0.11078421772181038,200,pdeobs.fixed500-last-checkpoint/v7,500,500,max_epochs_500,"random_3pct(ratio=0.5) + random_3pct(ratio=0.65) + random_3pct(ratio=0.8) + block_missing(missing_fraction=0.49) + line_sensors(num_lines=76, orientation=both) + line_sensors(num_lines=64, orientation=horizontal) + line_sensors(num_lines=64, orientation=vertical) + boundary_sensors(width=19) + clustered_sensors(ratio=0.5)",False
navier_stokes,ufno_2d,mixed_nine_views,line_sensors-orientation-both-p30__random_3pct-p20,,relative_l2,0.06269548662583478,200,pdeobs.fixed500-last-checkpoint/v7,500,500,max_epochs_500,"random_3pct(ratio=0.5) + random_3pct(ratio=0.65) + random_3pct(ratio=0.8) + block_missing(missing_fraction=0.49) + line_sensors(num_lines=76, orientation=both) + line_sensors(num_lines=64, orientation=horizontal) + line_sensors(num_lines=64, orientation=vertical) + boundary_sensors(width=19) + clustered_sensors(ratio=0.5)",False
navier_stokes,ufno_2d,mixed_nine_views,random_3pct-p20,,relative_l2,0.08389261787887124,200,pdeobs.fixed500-last-checkpoint/v7,500,500,max_epochs_500,"random_3pct(ratio=0.5) + random_3pct(ratio=0.65) + random_3pct(ratio=0.8) + block_missing(missing_fraction=0.49) + line_sensors(num_lines=76, orientation=both) + line_sensors(num_lines=64, orientation=horizontal) + line_sensors(num_lines=64, orientation=vertical) + boundary_sensors(width=19) + clustered_sensors(ratio=0.5)",False
navier_stokes,ufno_2d,mixed_nine_views,random_3pct-p35,,relative_l2,0.017360167840547402,200,pdeobs.fixed500-last-checkpoint/v7,500,500,max_epochs_500,"random_3pct(ratio=0.5) + random_3pct(ratio=0.65) + random_3pct(ratio=0.8) + block_missing(missing_fraction=0.49) + line_sensors(num_lines=76, orientation=both) + line_sensors(num_lines=64, orientation=horizontal) + line_sensors(num_lines=64, orientation=vertical) + boundary_sensors(width=19) + clustered_sensors(ratio=0.5)",False
poisson,ufno_2d,mixed_nine_views,random_50pct,recovery,relative_l2,0.01773977203947822,200,pdeobs.max200-min120-then-train-data-patience10/20260920,200,200,max_epochs_200,"random_3pct(ratio=0.5) + random_3pct(ratio=0.65) + random_3pct(ratio=0.8) + block_missing(missing_fraction=0.49) + line_sensors(num_lines=76, orientation=both) + line_sensors(num_lines=64, orientation=horizontal) + line_sensors(num_lines=64, orientation=vertical) + boundary_sensors(width=19) + clustered_sensors(ratio=0.5)",False
poisson,ufno_2d,mixed_nine_views,random_65pct,recovery,relative_l2,0.017861278772077927,200,pdeobs.max200-min120-then-train-data-patience10/20260920,200,200,max_epochs_200,"random_3pct(ratio=0.5) + random_3pct(ratio=0.65) + random_3pct(ratio=0.8) + block_missing(missing_fraction=0.49) + line_sensors(num_lines=76, orientation=both) + line_sensors(num_lines=64, orientation=horizontal) + line_sensors(num_lines=64, orientation=vertical) + boundary_sensors(width=19) + clustered_sensors(ratio=0.5)",False
poisson,ufno_2d,mixed_nine_views,random_80pct,recovery,relative_l2,0.020420094453003426,200,pdeobs.max200-min120-then-train-data-patience10/20260920,200,200,max_epochs_200,"random_3pct(ratio=0.5) + random_3pct(ratio=0.65) + random_3pct(ratio=0.8) + block_missing(missing_fraction=0.49) + line_sensors(num_lines=76, orientation=both) + line_sensors(num_lines=64, orientation=horizontal) + line_sensors(num_lines=64, orientation=vertical) + boundary_sensors(width=19) + clustered_sensors(ratio=0.5)",False
poisson,ufno_2d,mixed_nine_views,block_observed_50pct,recovery,relative_l2,0.23642955299971724,200,pdeobs.max200-min120-then-train-data-patience10/20260920,200,200,max_epochs_200,"random_3pct(ratio=0.5) + random_3pct(ratio=0.65) + random_3pct(ratio=0.8) + block_missing(missing_fraction=0.49) + line_sensors(num_lines=76, orientation=both) + line_sensors(num_lines=64, orientation=horizontal) + line_sensors(num_lines=64, orientation=vertical) + boundary_sensors(width=19) + clustered_sensors(ratio=0.5)",False
poisson,ufno_2d,mixed_nine_views,line_sensors_50pct,recovery,relative_l2,0.0217016631014158,200,pdeobs.max200-min120-then-train-data-patience10/20260920,200,200,max_epochs_200,"random_3pct(ratio=0.5) + random_3pct(ratio=0.65) + random_3pct(ratio=0.8) + block_missing(missing_fraction=0.49) + line_sensors(num_lines=76, orientation=both) + line_sensors(num_lines=64, orientation=horizontal) + line_sensors(num_lines=64, orientation=vertical) + boundary_sensors(width=19) + clustered_sensors(ratio=0.5)",False
poisson,ufno_2d,mixed_nine_views,horizontal_lines_50pct,recovery,relative_l2,0.024852488129623512,200,pdeobs.max200-min120-then-train-data-patience10/20260920,200,200,max_epochs_200,"random_3pct(ratio=0.5) + random_3pct(ratio=0.65) + random_3pct(ratio=0.8) + block_missing(missing_fraction=0.49) + line_sensors(num_lines=76, orientation=both) + line_sensors(num_lines=64, orientation=horizontal) + line_sensors(num_lines=64, orientation=vertical) + boundary_sensors(width=19) + clustered_sensors(ratio=0.5)",False
poisson,ufno_2d,mixed_nine_views,vertical_lines_50pct,recovery,relative_l2,0.025581426112559695,200,pdeobs.max200-min120-then-train-data-patience10/20260920,200,200,max_epochs_200,"random_3pct(ratio=0.5) + random_3pct(ratio=0.65) + random_3pct(ratio=0.8) + block_missing(missing_fraction=0.49) + line_sensors(num_lines=76, orientation=both) + line_sensors(num_lines=64, orientation=horizontal) + line_sensors(num_lines=64, orientation=vertical) + boundary_sensors(width=19) + clustered_sensors(ratio=0.5)",False
poisson,ufno_2d,mixed_nine_views,boundary_band_50pct,recovery,relative_l2,0.14307700565062834,200,pdeobs.max200-min120-then-train-data-patience10/20260920,200,200,max_epochs_200,"random_3pct(ratio=0.5) + random_3pct(ratio=0.65) + random_3pct(ratio=0.8) + block_missing(missing_fraction=0.49) + line_sensors(num_lines=76, orientation=both) + line_sensors(num_lines=64, orientation=horizontal) + line_sensors(num_lines=64, orientation=vertical) + boundary_sensors(width=19) + clustered_sensors(ratio=0.5)",False
poisson,ufno_2d,mixed_nine_views,clustered_50pct,recovery,relative_l2,0.1335299765930307,200,pdeobs.max200-min120-then-train-data-patience10/20260920,200,200,max_epochs_200,"random_3pct(ratio=0.5) + random_3pct(ratio=0.65) + random_3pct(ratio=0.8) + block_missing(missing_fraction=0.49) + line_sensors(num_lines=76, orientation=both) + line_sensors(num_lines=64, orientation=horizontal) + line_sensors(num_lines=64, orientation=vertical) + boundary_sensors(width=19) + clustered_sensors(ratio=0.5)",False
poisson,ufno_2d,mixed_nine_views,line_sensors-orientation-both-p30__random_3pct-p20,,relative_l2,0.12486780617074066,200,pdeobs.max200-min120-then-train-data-patience10/20260920,200,200,max_epochs_200,"random_3pct(ratio=0.5) + random_3pct(ratio=0.65) + random_3pct(ratio=0.8) + block_missing(missing_fraction=0.49) + line_sensors(num_lines=76, orientation=both) + line_sensors(num_lines=64, orientation=horizontal) + line_sensors(num_lines=64, orientation=vertical) + boundary_sensors(width=19) + clustered_sensors(ratio=0.5)",False
poisson,ufno_2d,mixed_nine_views,random_3pct-p20,,relative_l2,0.152959730272075,200,pdeobs.max200-min120-then-train-data-patience10/20260920,200,200,max_epochs_200,"random_3pct(ratio=0.5) + random_3pct(ratio=0.65) + random_3pct(ratio=0.8) + block_missing(missing_fraction=0.49) + line_sensors(num_lines=76, orientation=both) + line_sensors(num_lines=64, orientation=horizontal) + line_sensors(num_lines=64, orientation=vertical) + boundary_sensors(width=19) + clustered_sensors(ratio=0.5)",False
poisson,ufno_2d,mixed_nine_views,random_3pct-p35,,relative_l2,0.04465601791075557,200,pdeobs.max200-min120-then-train-data-patience10/20260920,200,200,max_epochs_200,"random_3pct(ratio=0.5) + random_3pct(ratio=0.65) + random_3pct(ratio=0.8) + block_missing(missing_fraction=0.49) + line_sensors(num_lines=76, orientation=both) + line_sensors(num_lines=64, orientation=horizontal) + line_sensors(num_lines=64, orientation=vertical) + boundary_sensors(width=19) + clustered_sensors(ratio=0.5)",False
helmholtz,deeponet,mixed_nine_views,random_50pct,recovery,relative_l2,0.046758267181921644,200,pdeobs.fixed500-last-checkpoint/v7,500,500,max_epochs_500,"random_3pct(ratio=0.5) + random_3pct(ratio=0.65) + random_3pct(ratio=0.8) + block_missing(missing_fraction=0.49) + line_sensors(num_lines=76, orientation=both) + line_sensors(num_lines=64, orientation=horizontal) + line_sensors(num_lines=64, orientation=vertical) + boundary_sensors(width=19) + clustered_sensors(ratio=0.5)",False
helmholtz,deeponet,mixed_nine_views,random_65pct,recovery,relative_l2,0.042115010668122316,200,pdeobs.fixed500-last-checkpoint/v7,500,500,max_epochs_500,"random_3pct(ratio=0.5) + random_3pct(ratio=0.65) + random_3pct(ratio=0.8) + block_missing(missing_fraction=0.49) + line_sensors(num_lines=76, orientation=both) + line_sensors(num_lines=64, orientation=horizontal) + line_sensors(num_lines=64, orientation=vertical) + boundary_sensors(width=19) + clustered_sensors(ratio=0.5)",False
helmholtz,deeponet,mixed_nine_views,random_80pct,recovery,relative_l2,0.044055234424357916,200,pdeobs.fixed500-last-checkpoint/v7,500,500,max_epochs_500,"random_3pct(ratio=0.5) + random_3pct(ratio=0.65) + random_3pct(ratio=0.8) + block_missing(missing_fraction=0.49) + line_sensors(num_lines=76, orientation=both) + line_sensors(num_lines=64, orientation=horizontal) + line_sensors(num_lines=64, orientation=vertical) + boundary_sensors(width=19) + clustered_sensors(ratio=0.5)",False
helmholtz,deeponet,mixed_nine_views,block_observed_50pct,recovery,relative_l2,0.27101174007851175,200,pdeobs.fixed500-last-checkpoint/v7,500,500,max_epochs_500,"random_3pct(ratio=0.5) + random_3pct(ratio=0.65) + random_3pct(ratio=0.8) + block_missing(missing_fraction=0.49) + line_sensors(num_lines=76, orientation=both) + line_sensors(num_lines=64, orientation=horizontal) + line_sensors(num_lines=64, orientation=vertical) + boundary_sensors(width=19) + clustered_sensors(ratio=0.5)",False
helmholtz,deeponet,mixed_nine_views,line_sensors_50pct,recovery,relative_l2,0.08115359830493524,200,pdeobs.fixed500-last-checkpoint/v7,500,500,max_epochs_500,"random_3pct(ratio=0.5) + random_3pct(ratio=0.65) + random_3pct(ratio=0.8) + block_missing(missing_fraction=0.49) + line_sensors(num_lines=76, orientation=both) + line_sensors(num_lines=64, orientation=horizontal) + line_sensors(num_lines=64, orientation=vertical) + boundary_sensors(width=19) + clustered_sensors(ratio=0.5)",False
helmholtz,deeponet,mixed_nine_views,horizontal_lines_50pct,recovery,relative_l2,0.09470844064466831,200,pdeobs.fixed500-last-checkpoint/v7,500,500,max_epochs_500,"random_3pct(ratio=0.5) + random_3pct(ratio=0.65) + random_3pct(ratio=0.8) + block_missing(missing_fraction=0.49) + line_sensors(num_lines=76, orientation=both) + line_sensors(num_lines=64, orientation=horizontal) + line_sensors(num_lines=64, orientation=vertical) + boundary_sensors(width=19) + clustered_sensors(ratio=0.5)",False
helmholtz,deeponet,mixed_nine_views,vertical_lines_50pct,recovery,relative_l2,0.09768188271333371,200,pdeobs.fixed500-last-checkpoint/v7,500,500,max_epochs_500,"random_3pct(ratio=0.5) + random_3pct(ratio=0.65) + random_3pct(ratio=0.8) + block_missing(missing_fraction=0.49) + line_sensors(num_lines=76, orientation=both) + line_sensors(num_lines=64, orientation=horizontal) + line_sensors(num_lines=64, orientation=vertical) + boundary_sensors(width=19) + clustered_sensors(ratio=0.5)",False
helmholtz,deeponet,mixed_nine_views,boundary_band_50pct,recovery,relative_l2,0.07903390965801142,200,pdeobs.fixed500-last-checkpoint/v7,500,500,max_epochs_500,"random_3pct(ratio=0.5) + random_3pct(ratio=0.65) + random_3pct(ratio=0.8) + block_missing(missing_fraction=0.49) + line_sensors(num_lines=76, orientation=both) + line_sensors(num_lines=64, orientation=horizontal) + line_sensors(num_lines=64, orientation=vertical) + boundary_sensors(width=19) + clustered_sensors(ratio=0.5)",False
helmholtz,deeponet,mixed_nine_views,clustered_50pct,recovery,relative_l2,0.3364816991307111,200,pdeobs.fixed500-last-checkpoint/v7,500,500,max_epochs_500,"random_3pct(ratio=0.5) + random_3pct(ratio=0.65) + random_3pct(ratio=0.8) + block_missing(missing_fraction=0.49) + line_sensors(num_lines=76, orientation=both) + line_sensors(num_lines=64, orientation=horizontal) + line_sensors(num_lines=64, orientation=vertical) + boundary_sensors(width=19) + clustered_sensors(ratio=0.5)",False
helmholtz,deeponet,mixed_nine_views,line_sensors-orientation-both-p30__random_3pct-p20,,relative_l2,0.1502771808716071,200,pdeobs.fixed500-last-checkpoint/v7,500,500,max_epochs_500,"random_3pct(ratio=0.5) + random_3pct(ratio=0.65) + random_3pct(ratio=0.8) + block_missing(missing_fraction=0.49) + line_sensors(num_lines=76, orientation=both) + line_sensors(num_lines=64, orientation=horizontal) + line_sensors(num_lines=64, orientation=vertical) + boundary_sensors(width=19) + clustered_sensors(ratio=0.5)",False
helmholtz,deeponet,mixed_nine_views,random_3pct-p20,,relative_l2,0.18311106716227843,200,pdeobs.fixed500-last-checkpoint/v7,500,500,max_epochs_500,"random_3pct(ratio=0.5) + random_3pct(ratio=0.65) + random_3pct(ratio=0.8) + block_missing(missing_fraction=0.49) + line_sensors(num_lines=76, orientation=both) + line_sensors(num_lines=64, orientation=horizontal) + line_sensors(num_lines=64, orientation=vertical) + boundary_sensors(width=19) + clustered_sensors(ratio=0.5)",False
helmholtz,deeponet,mixed_nine_views,random_3pct-p35,,relative_l2,0.06728446220684711,200,pdeobs.fixed500-last-checkpoint/v7,500,500,max_epochs_500,"random_3pct(ratio=0.5) + random_3pct(ratio=0.65) + random_3pct(ratio=0.8) + block_missing(missing_fraction=0.49) + line_sensors(num_lines=76, orientation=both) + line_sensors(num_lines=64, orientation=horizontal) + line_sensors(num_lines=64, orientation=vertical) + boundary_sensors(width=19) + clustered_sensors(ratio=0.5)",False
heat,deeponet,mixed_nine_views,random_50pct,rollout,relative_l2,0.1001852199071145,200,pdeobs.fixed500-last-checkpoint/v7,500,500,max_epochs_500,"random_3pct(ratio=0.5) + random_3pct(ratio=0.65) + random_3pct(ratio=0.8) + block_missing(missing_fraction=0.49) + line_sensors(num_lines=76, orientation=both) + line_sensors(num_lines=64, orientation=horizontal) + line_sensors(num_lines=64, orientation=vertical) + boundary_sensors(width=19) + clustered_sensors(ratio=0.5)",False
heat,deeponet,mixed_nine_views,random_65pct,rollout,relative_l2,0.09059472449961045,200,pdeobs.fixed500-last-checkpoint/v7,500,500,max_epochs_500,"random_3pct(ratio=0.5) + random_3pct(ratio=0.65) + random_3pct(ratio=0.8) + block_missing(missing_fraction=0.49) + line_sensors(num_lines=76, orientation=both) + line_sensors(num_lines=64, orientation=horizontal) + line_sensors(num_lines=64, orientation=vertical) + boundary_sensors(width=19) + clustered_sensors(ratio=0.5)",False
heat,deeponet,mixed_nine_views,random_80pct,rollout,relative_l2,0.08801423961000823,200,pdeobs.fixed500-last-checkpoint/v7,500,500,max_epochs_500,"random_3pct(ratio=0.5) + random_3pct(ratio=0.65) + random_3pct(ratio=0.8) + block_missing(missing_fraction=0.49) + line_sensors(num_lines=76, orientation=both) + line_sensors(num_lines=64, orientation=horizontal) + line_sensors(num_lines=64, orientation=vertical) + boundary_sensors(width=19) + clustered_sensors(ratio=0.5)",False
heat,deeponet,mixed_nine_views,block_observed_50pct,rollout,relative_l2,0.16401143275896665,200,pdeobs.fixed500-last-checkpoint/v7,500,500,max_epochs_500,"random_3pct(ratio=0.5) + random_3pct(ratio=0.65) + random_3pct(ratio=0.8) + block_missing(missing_fraction=0.49) + line_sensors(num_lines=76, orientation=both) + line_sensors(num_lines=64, orientation=horizontal) + line_sensors(num_lines=64, orientation=vertical) + boundary_sensors(width=19) + clustered_sensors(ratio=0.5)",False
heat,deeponet,mixed_nine_views,line_sensors_50pct,rollout,relative_l2,0.10481847332118209,200,pdeobs.fixed500-last-checkpoint/v7,500,500,max_epochs_500,"random_3pct(ratio=0.5) + random_3pct(ratio=0.65) + random_3pct(ratio=0.8) + block_missing(missing_fraction=0.49) + line_sensors(num_lines=76, orientation=both) + line_sensors(num_lines=64, orientation=horizontal) + line_sensors(num_lines=64, orientation=vertical) + boundary_sensors(width=19) + clustered_sensors(ratio=0.5)",False
heat,deeponet,mixed_nine_views,horizontal_lines_50pct,rollout,relative_l2,0.12293597421937723,200,pdeobs.fixed500-last-checkpoint/v7,500,500,max_epochs_500,"random_3pct(ratio=0.5) + random_3pct(ratio=0.65) + random_3pct(ratio=0.8) + block_missing(missing_fraction=0.49) + line_sensors(num_lines=76, orientation=both) + line_sensors(num_lines=64, orientation=horizontal) + line_sensors(num_lines=64, orientation=vertical) + boundary_sensors(width=19) + clustered_sensors(ratio=0.5)",False
heat,deeponet,mixed_nine_views,vertical_lines_50pct,rollout,relative_l2,0.13210614474326624,200,pdeobs.fixed500-last-checkpoint/v7,500,500,max_epochs_500,"random_3pct(ratio=0.5) + random_3pct(ratio=0.65) + random_3pct(ratio=0.8) + block_missing(missing_fraction=0.49) + line_sensors(num_lines=76, orientation=both) + line_sensors(num_lines=64, orientation=horizontal) + line_sensors(num_lines=64, orientation=vertical) + boundary_sensors(width=19) + clustered_sensors(ratio=0.5)",False
heat,deeponet,mixed_nine_views,boundary_band_50pct,rollout,relative_l2,0.10562183761041753,200,pdeobs.fixed500-last-checkpoint/v7,500,500,max_epochs_500,"random_3pct(ratio=0.5) + random_3pct(ratio=0.65) + random_3pct(ratio=0.8) + block_missing(missing_fraction=0.49) + line_sensors(num_lines=76, orientation=both) + line_sensors(num_lines=64, orientation=horizontal) + line_sensors(num_lines=64, orientation=vertical) + boundary_sensors(width=19) + clustered_sensors(ratio=0.5)",False
heat,deeponet,mixed_nine_views,clustered_50pct,rollout,relative_l2,0.28804082785649304,200,pdeobs.fixed500-last-checkpoint/v7,500,500,max_epochs_500,"random_3pct(ratio=0.5) + random_3pct(ratio=0.65) + random_3pct(ratio=0.8) + block_missing(missing_fraction=0.49) + line_sensors(num_lines=76, orientation=both) + line_sensors(num_lines=64, orientation=horizontal) + line_sensors(num_lines=64, orientation=vertical) + boundary_sensors(width=19) + clustered_sensors(ratio=0.5)",False
heat,deeponet,mixed_nine_views,line_sensors-orientation-both-p30__random_3pct-p20,,relative_l2,0.18917037873644588,200,pdeobs.fixed500-last-checkpoint/v7,500,500,max_epochs_500,"random_3pct(ratio=0.5) + random_3pct(ratio=0.65) + random_3pct(ratio=0.8) + block_missing(missing_fraction=0.49) + line_sensors(num_lines=76, orientation=both) + line_sensors(num_lines=64, orientation=horizontal) + line_sensors(num_lines=64, orientation=vertical) + boundary_sensors(width=19) + clustered_sensors(ratio=0.5)",False
heat,deeponet,mixed_nine_views,random_3pct-p20,,relative_l2,0.2320756530264889,200,pdeobs.fixed500-last-checkpoint/v7,500,500,max_epochs_500,"random_3pct(ratio=0.5) + random_3pct(ratio=0.65) + random_3pct(ratio=0.8) + block_missing(missing_fraction=0.49) + line_sensors(num_lines=76, orientation=both) + line_sensors(num_lines=64, orientation=horizontal) + line_sensors(num_lines=64, orientation=vertical) + boundary_sensors(width=19) + clustered_sensors(ratio=0.5)",False
heat,deeponet,mixed_nine_views,random_3pct-p35,,relative_l2,0.13222529709296493,200,pdeobs.fixed500-last-checkpoint/v7,500,500,max_epochs_500,"random_3pct(ratio=0.5) + random_3pct(ratio=0.65) + random_3pct(ratio=0.8) + block_missing(missing_fraction=0.49) + line_sensors(num_lines=76, orientation=both) + line_sensors(num_lines=64, orientation=horizontal) + line_sensors(num_lines=64, orientation=vertical) + boundary_sensors(width=19) + clustered_sensors(ratio=0.5)",False
helmholtz,fno,mixed_nine_views,random_50pct,recovery,relative_l2,0.016009795365644935,200,pdeobs.fixed500-last-checkpoint/v7,500,500,max_epochs_500,"random_3pct(ratio=0.5) + random_3pct(ratio=0.65) + random_3pct(ratio=0.8) + block_missing(missing_fraction=0.49) + line_sensors(num_lines=76, orientation=both) + line_sensors(num_lines=64, orientation=horizontal) + line_sensors(num_lines=64, orientation=vertical) + boundary_sensors(width=19) + clustered_sensors(ratio=0.5)",False
helmholtz,fno,mixed_nine_views,random_65pct,recovery,relative_l2,0.015410891990801766,200,pdeobs.fixed500-last-checkpoint/v7,500,500,max_epochs_500,"random_3pct(ratio=0.5) + random_3pct(ratio=0.65) + random_3pct(ratio=0.8) + block_missing(missing_fraction=0.49) + line_sensors(num_lines=76, orientation=both) + line_sensors(num_lines=64, orientation=horizontal) + line_sensors(num_lines=64, orientation=vertical) + boundary_sensors(width=19) + clustered_sensors(ratio=0.5)",False
helmholtz,fno,mixed_nine_views,random_80pct,recovery,relative_l2,0.016553388701130257,200,pdeobs.fixed500-last-checkpoint/v7,500,500,max_epochs_500,"random_3pct(ratio=0.5) + random_3pct(ratio=0.65) + random_3pct(ratio=0.8) + block_missing(missing_fraction=0.49) + line_sensors(num_lines=76, orientation=both) + line_sensors(num_lines=64, orientation=horizontal) + line_sensors(num_lines=64, orientation=vertical) + boundary_sensors(width=19) + clustered_sensors(ratio=0.5)",False
helmholtz,fno,mixed_nine_views,block_observed_50pct,recovery,relative_l2,0.16007180356398762,200,pdeobs.fixed500-last-checkpoint/v7,500,500,max_epochs_500,"random_3pct(ratio=0.5) + random_3pct(ratio=0.65) + random_3pct(ratio=0.8) + block_missing(missing_fraction=0.49) + line_sensors(num_lines=76, orientation=both) + line_sensors(num_lines=64, orientation=horizontal) + line_sensors(num_lines=64, orientation=vertical) + boundary_sensors(width=19) + clustered_sensors(ratio=0.5)",False
helmholtz,fno,mixed_nine_views,line_sensors_50pct,recovery,relative_l2,0.02009455877378947,200,pdeobs.fixed500-last-checkpoint/v7,500,500,max_epochs_500,"random_3pct(ratio=0.5) + random_3pct(ratio=0.65) + random_3pct(ratio=0.8) + block_missing(missing_fraction=0.49) + line_sensors(num_lines=76, orientation=both) + line_sensors(num_lines=64, orientation=horizontal) + line_sensors(num_lines=64, orientation=vertical) + boundary_sensors(width=19) + clustered_sensors(ratio=0.5)",False
helmholtz,fno,mixed_nine_views,horizontal_lines_50pct,recovery,relative_l2,0.020995795415860018,200,pdeobs.fixed500-last-checkpoint/v7,500,500,max_epochs_500,"random_3pct(ratio=0.5) + random_3pct(ratio=0.65) + random_3pct(ratio=0.8) + block_missing(missing_fraction=0.49) + line_sensors(num_lines=76, orientation=both) + line_sensors(num_lines=64, orientation=horizontal) + line_sensors(num_lines=64, orientation=vertical) + boundary_sensors(width=19) + clustered_sensors(ratio=0.5)",False
helmholtz,fno,mixed_nine_views,vertical_lines_50pct,recovery,relative_l2,0.021985814774911842,200,pdeobs.fixed500-last-checkpoint/v7,500,500,max_epochs_500,"random_3pct(ratio=0.5) + random_3pct(ratio=0.65) + random_3pct(ratio=0.8) + block_missing(missing_fraction=0.49) + line_sensors(num_lines=76, orientation=both) + line_sensors(num_lines=64, orientation=horizontal) + line_sensors(num_lines=64, orientation=vertical) + boundary_sensors(width=19) + clustered_sensors(ratio=0.5)",False
helmholtz,fno,mixed_nine_views,boundary_band_50pct,recovery,relative_l2,0.06295480774091147,200,pdeobs.fixed500-last-checkpoint/v7,500,500,max_epochs_500,"random_3pct(ratio=0.5) + random_3pct(ratio=0.65) + random_3pct(ratio=0.8) + block_missing(missing_fraction=0.49) + line_sensors(num_lines=76, orientation=both) + line_sensors(num_lines=64, orientation=horizontal) + line_sensors(num_lines=64, orientation=vertical) + boundary_sensors(width=19) + clustered_sensors(ratio=0.5)",False
helmholtz,fno,mixed_nine_views,clustered_50pct,recovery,relative_l2,0.14387958835074005,200,pdeobs.fixed500-last-checkpoint/v7,500,500,max_epochs_500,"random_3pct(ratio=0.5) + random_3pct(ratio=0.65) + random_3pct(ratio=0.8) + block_missing(missing_fraction=0.49) + line_sensors(num_lines=76, orientation=both) + line_sensors(num_lines=64, orientation=horizontal) + line_sensors(num_lines=64, orientation=vertical) + boundary_sensors(width=19) + clustered_sensors(ratio=0.5)",False
helmholtz,fno,mixed_nine_views,line_sensors-orientation-both-p30__random_3pct-p20,,relative_l2,0.11495328233276574,200,pdeobs.fixed500-last-checkpoint/v7,500,500,max_epochs_500,"random_3pct(ratio=0.5) + random_3pct(ratio=0.65) + random_3pct(ratio=0.8) + block_missing(missing_fraction=0.49) + line_sensors(num_lines=76, orientation=both) + line_sensors(num_lines=64, orientation=horizontal) + line_sensors(num_lines=64, orientation=vertical) + boundary_sensors(width=19) + clustered_sensors(ratio=0.5)",False
helmholtz,fno,mixed_nine_views,random_3pct-p20,,relative_l2,0.14219628968666786,200,pdeobs.fixed500-last-checkpoint/v7,500,500,max_epochs_500,"random_3pct(ratio=0.5) + random_3pct(ratio=0.65) + random_3pct(ratio=0.8) + block_missing(missing_fraction=0.49) + line_sensors(num_lines=76, orientation=both) + line_sensors(num_lines=64, orientation=horizontal) + line_sensors(num_lines=64, orientation=vertical) + boundary_sensors(width=19) + clustered_sensors(ratio=0.5)",False
helmholtz,fno,mixed_nine_views,random_3pct-p35,,relative_l2,0.043376473518525575,200,pdeobs.fixed500-last-checkpoint/v7,500,500,max_epochs_500,"random_3pct(ratio=0.5) + random_3pct(ratio=0.65) + random_3pct(ratio=0.8) + block_missing(missing_fraction=0.49) + line_sensors(num_lines=76, orientation=both) + line_sensors(num_lines=64, orientation=horizontal) + line_sensors(num_lines=64, orientation=vertical) + boundary_sensors(width=19) + clustered_sensors(ratio=0.5)",False
