pde,method,train_view,test_view,task,population_all_nine_descriptive,mix_rel_l2,specialist_rel_l2,ratio_mix_over_specialist,log10_ratio,specialist_rel_l2_sd200,specialist_identity,specialist_cohort,specialist_actual_epochs,specialist_stop_reason,specialist_training_protocol,transfer_n,transfer_median,transfer_min,transfer_max,transfer_argmin_train_view,mix_below_transfer_median,mix_below_transfer_min,identity_count,test_identities_sha256,mix_checkpoint_sha256,mix_score_sha256,mix_predictions_sha256,specialist_checkpoint_original_sha256,specialist_block_contract_sha256,legacy_evaluator_rel_l2,legacy_abs_diff,legacy_within_tolerance,mix_horizons,specialist_horizons
helmholtz,fno,mixed_nine_views,random_50pct,recovery,True,0.016009795365644928,0.00903248477089123,1.7724685700261913,0.24857854287614076,0.003390243027217231,helmholtz/fno/random_50pct,original500,500,,,8,0.08041853420176834,0.019435707612214425,1.261232980527664,line_sensors_50pct,True,True,200,9cdf6d79112825a74c320182b665590e1183819251d35440fe048320ad2fc8b0,463929123b38777bc7471159388f5a0e406c8388ecd2c199914813e18c5ca7bb,af1301f2526da41a6f562867f88c169a5577d57c97aa34e6c5de2168e37d8a22,54e4b33daaf9770293b7308879a61ee3f2b97ebb1c0cdcde09a48ba8fc3d8a5d,c829063daefe110ff2d996b11a195d7635dbeda1cad93fffa6893ca70731a616,08169480dbdcb1bb8d0ae47646746aa29ad915adf5be5dfa6e7bde280549845f,0.016009795365644935,6.938893903907228e-18,True,,
helmholtz,fno,mixed_nine_views,random_65pct,recovery,True,0.015410891990801761,0.0051973458557328335,2.9651465225857674,0.4720461588733717,0.001373060505826973,helmholtz/fno/random_65pct,original500,500,,,8,0.1502520967611707,0.06762197343562125,1.3429008556212114,clustered_50pct,True,True,200,9cdf6d79112825a74c320182b665590e1183819251d35440fe048320ad2fc8b0,463929123b38777bc7471159388f5a0e406c8388ecd2c199914813e18c5ca7bb,0905e5d8d001e44d69271ed82cffc88e5a45ec0c8e5413ff532bcd85cdcf150e,a9b8fe231afb25e2b367bcc58515c9d17d4e93b8fb095210c93b1165d8cce3c5,e69c480d2684892e4d7abf920a8138f92126239c6052a18d93997ffef604aa98,78a929df996ac7e404d058edee9b936f16455bd0851a4b59ea5acf412aa13c51,0.015410891990801766,5.204170427930421e-18,True,,
helmholtz,fno,mixed_nine_views,random_80pct,recovery,True,0.016553388701130257,0.012304925769875671,1.3452652222945927,0.12880791498810246,0.00438915329823258,helmholtz/fno/random_80pct,original500,500,,,8,0.40228389939774867,0.12501370920489527,1.3864770599421326,clustered_50pct,True,True,200,9cdf6d79112825a74c320182b665590e1183819251d35440fe048320ad2fc8b0,463929123b38777bc7471159388f5a0e406c8388ecd2c199914813e18c5ca7bb,4934cd2a6bdd5d9fee69f799fafa307943ec9571a6b822e36f3f5f337a1b5c94,41fd137661bc7ca3498ce1412dc0238c079d312859c1a30c3017e4d4398d174a,555f20f380778ed74d8701c0317b321e03d2d323e7ffa2cfdeef0eaed36ad7d9,49042b2cf18b11d5f78e4c4040fe7bb6432ec17a2a2061f4eef837a526a7f3de,0.016553388701130257,0.0,True,,
helmholtz,fno,mixed_nine_views,block_observed_50pct,recovery,True,0.1600718035639877,0.05637714494168506,2.839303120609628,0.4532117597610828,0.028433694552287097,helmholtz/fno/block_observed_50pct,original500,500,,,8,1.106689928653097,0.3332206010074701,2.0392293979345575,clustered_50pct,True,True,200,9cdf6d79112825a74c320182b665590e1183819251d35440fe048320ad2fc8b0,463929123b38777bc7471159388f5a0e406c8388ecd2c199914813e18c5ca7bb,bb0c2d7cd51ee8ed7a691c92cfdc5f3b89f012f59407c0a0425d38ebecc39c54,cfc0e5f3f6ab34a1e269fccce7f447017fe0d83e8fe3c141d748c0a5c2d1f844,30633107f7736d8f58579d40ba78e0fef7450d518b88f596a1f29a179e985d25,7c131c54184cb6b2857725612f632fa6ce3685067edccfe018747dbf334e00ed,0.16007180356398762,8.326672684688674e-17,True,,
helmholtz,fno,mixed_nine_views,line_sensors_50pct,recovery,True,0.020094558773789482,0.015613277215757308,1.2870173568371381,0.10958440388011567,0.0055014511632691335,helmholtz/fno/line_sensors_50pct,original500,500,,,8,0.14355544468728595,0.03702453405094782,1.168800762748708,clustered_50pct,True,True,200,9cdf6d79112825a74c320182b665590e1183819251d35440fe048320ad2fc8b0,463929123b38777bc7471159388f5a0e406c8388ecd2c199914813e18c5ca7bb,846e67b2bb449f58c5e1863a4d349d83321bfb2a03102d8dc61ee59f94f15a17,709576fdf32f2120fa5e27a5cb3e5b3ca9c921b4fcb1f7cc67c0ab9c70a48900,7a97134239b1f024cf10bd46422c72842c1e8ccdd164364d784625084cf55624,fffaa88300eee803a1ebcb06650cdb898c7baea51c5654c0bdfbdde3a8bb0435,0.02009455877378947,1.3877787807814457e-17,True,,
helmholtz,fno,mixed_nine_views,horizontal_lines_50pct,recovery,True,0.02099579541586002,0.01243220865260441,1.688822638241487,0.22758404194660495,0.003771711152213957,helmholtz/fno/horizontal_lines_50pct,original500,500,,,8,0.1861987388124141,0.020934347736503753,1.2878740209635435,line_sensors_50pct,True,False,200,9cdf6d79112825a74c320182b665590e1183819251d35440fe048320ad2fc8b0,463929123b38777bc7471159388f5a0e406c8388ecd2c199914813e18c5ca7bb,77755aff98639fa02530121663915d19a1ccd122b3d43b6de8f437f14c1e8272,43e2282cbd8b24c6f81d61bfcfe148e792214418b57f2b30cc0357afb4d52360,9dc71a031dd30facd51fc012427c8786d7abad2822c5687c167f410146cde88d,992a74f54e2af669ea81518a51f3e3c1a3e58ec8beb3a7477660516701ffb9a9,0.020995795415860018,3.469446951953614e-18,True,,
helmholtz,fno,mixed_nine_views,vertical_lines_50pct,recovery,True,0.021985814774911842,0.011576614079783507,1.8991576140821822,0.27856100901593184,0.003998665027277916,helmholtz/fno/vertical_lines_50pct,original500,500,,,8,0.15273696465266579,0.020530323029878596,1.5164229242318044,line_sensors_50pct,True,False,200,9cdf6d79112825a74c320182b665590e1183819251d35440fe048320ad2fc8b0,463929123b38777bc7471159388f5a0e406c8388ecd2c199914813e18c5ca7bb,f773ebd3fbf14bffaac2a819375c5c5d9bb11d3fa6ec9d3edab0c95f4ae1e015,772fd1b263b5a8b19054e603e1755396dd212cca13cfea7e1845cf23205dcce5,98681b26bef76bde9c1f845c4c106e9b6377c639f40fe8d8171ba1393a289bd9,e9f3ba7bdacfb2b49e2a979b4613e955e2b98eea61b8b3c2d30a3c06944413ae,0.021985814774911842,0.0,True,,
helmholtz,fno,mixed_nine_views,boundary_band_50pct,recovery,True,0.06295480774091149,0.02545721899700968,2.472964849314705,0.3932179433499136,0.013058013119687068,helmholtz/fno/boundary_band_50pct,original500,500,,,8,1.1382977686695743,0.041802659328702634,2.1170369114442367,block_observed_50pct,True,False,200,9cdf6d79112825a74c320182b665590e1183819251d35440fe048320ad2fc8b0,463929123b38777bc7471159388f5a0e406c8388ecd2c199914813e18c5ca7bb,4f01beb444fe3b9456b4b755c6a84419a8ebf3392801f467e9525f5aa51e26c8,457f66b7cdec4a4ac56ab954e11aa860b4f56782133a21770cc6dd963d6df5fd,d430d4faee8410a52db4e3fa47293db57f2d669f0ea91f0de603091acca14eae,036ff1b125c433456781b71799a35b6346c12106ff841bee8f3f8d6624a1c8c7,0.06295480774091147,1.3877787807814457e-17,True,,
helmholtz,fno,mixed_nine_views,clustered_50pct,recovery,True,0.14387958835074005,0.0431506916372584,3.334351846784941,0.5230114254424235,0.021304611284248907,helmholtz/fno/clustered_50pct,original500,500,,,8,0.7640971572665285,0.5347984106933318,1.706092772380241,line_sensors_50pct,True,True,200,9cdf6d79112825a74c320182b665590e1183819251d35440fe048320ad2fc8b0,463929123b38777bc7471159388f5a0e406c8388ecd2c199914813e18c5ca7bb,2b742f59736fb81cfb3a8f00d58e072709aa3ac20a4038baf7f5e2ee76ec1dab,d9d0256800c12c005b643fc64e9c531d15643250debbb54087652fb3991e2e65,3e03c17a36aa390951fec18cf925bfdc231356fd236626b11f7e95f92e51fdd3,d1a66da7b11b484c28bc47f00795118f94ec4f93e48f0a75880ac70c7e212bc9,0.14387958835074005,0.0,True,,
helmholtz,deeponet,mixed_nine_views,random_50pct,recovery,True,0.04675826718192166,0.019296810017442576,2.423108645400789,0.3843728871215052,0.00717835175599603,helmholtz/deeponet/random_50pct,original500,500,,,8,0.29562419212442276,0.04230218281569335,7.602846967704272,random_65pct,True,False,200,9cdf6d79112825a74c320182b665590e1183819251d35440fe048320ad2fc8b0,763ece950ca0219942a47dd252cef9053e3c15f6d8361e25ca9009d47df309b0,777db3fbdccf4f9fea7e0e829026e9df0bbb187dcf4d5305c63e5474d08d7349,84a6ef994859a1be08bf8480e2367bbf5ef67d156d14755c9f43fbab03923b2e,5b76ac86b87e8a8b0c2a2a8d1e26dcea694d8e0e6952e6cb8310b7a8a3ec2d90,5e6dde9172df8837431dcec908e4020409526a2daaa58f0ee9e0583c67bbd26c,0.046758267181921644,1.3877787807814457e-17,True,,
helmholtz,deeponet,mixed_nine_views,random_65pct,recovery,True,0.04211501066812232,0.019197040042352072,2.193828349329331,0.34120264427087976,0.0071930113015306356,helmholtz/deeponet/random_65pct,original500,500,,,8,0.24192461172949375,0.03624567050528835,6.76544383484033,random_80pct,True,False,200,9cdf6d79112825a74c320182b665590e1183819251d35440fe048320ad2fc8b0,763ece950ca0219942a47dd252cef9053e3c15f6d8361e25ca9009d47df309b0,00ad44db20e892c55605e98a4039afcd781083b3492e0e025e9ad88fc7d7ba0e,931208a31f881b70ed50e39e20682a2db63b48323686d2e0a03b737d26dc6650,a7a8d5063e1fe13f7eee36ea68d6b6dc97fffd7b003d08a893ace6828de3b293,b50f857e2757c6c1d0de94272a5c1dc40113c4f3ef5e7ca6b7347f3172d0fb5f,0.042115010668122316,6.938893903907228e-18,True,,
helmholtz,deeponet,mixed_nine_views,random_80pct,recovery,True,0.04405523442435788,0.016964829354587235,2.5968569151829097,0.4144480209968675,0.005854192889622783,helmholtz/deeponet/random_80pct,original500,500,,,8,0.19954245519333322,0.04291998171825208,6.121434608625373,horizontal_lines_50pct,True,False,200,9cdf6d79112825a74c320182b665590e1183819251d35440fe048320ad2fc8b0,763ece950ca0219942a47dd252cef9053e3c15f6d8361e25ca9009d47df309b0,71cc447fc6bb27df86d05615254fb84945e74bfd2e59e1777136ef6e9f786318,fec59dd561f63204167ac332fa94d816b152fd5bcc8a470df572352922458ac2,be2449273aa780e0d14c306f485ed3500821ab4309352e4279eb8f2b378dbc61,d741d793ee493d354df7c77f98920ca4542bcce163300b6594d85d366eebec68,0.044055234424357916,3.469446951953614e-17,True,,
helmholtz,deeponet,mixed_nine_views,block_observed_50pct,recovery,True,0.2710117400785117,0.0952320729433066,2.8458032226165018,0.4542048668352802,0.07467421280226108,helmholtz/deeponet/block_observed_50pct,original500,500,,,8,0.8346298093804077,0.7707694536200168,1.0045313511177243,line_sensors_50pct,True,True,200,9cdf6d79112825a74c320182b665590e1183819251d35440fe048320ad2fc8b0,763ece950ca0219942a47dd252cef9053e3c15f6d8361e25ca9009d47df309b0,91722424fe78dfbe14a2b7634094fe1496907b08e3f6a864cc9f2f1a08f0a16c,ba7a66903279219803aa69c5874635bf57e797e81a006ee0007ce407a30d719d,0945e7398e8e34208d727747ce3e5050ca29b546f4a39044219e5ee76d2d8e74,e95c74506e7a821a035220e100f9195935b63b9f6b2facc9e33171ed9dc4f332,0.27101174007851175,5.551115123125783e-17,True,,
helmholtz,deeponet,mixed_nine_views,line_sensors_50pct,recovery,True,0.08115359830493526,0.025958735276808337,3.12625393493027,0.4950242513734817,0.009309818227585524,helmholtz/deeponet/line_sensors_50pct,original500,500,,,8,0.20040555009692645,0.10947785012200127,12.735699407551401,random_50pct,True,True,200,9cdf6d79112825a74c320182b665590e1183819251d35440fe048320ad2fc8b0,763ece950ca0219942a47dd252cef9053e3c15f6d8361e25ca9009d47df309b0,77fc86899be2556bc58212a177ab0683b34953c028ad5aebb64e4f6364856db0,1cd53f8d3964ce08af0445f26958123ee3d842622e9209bb570bee6cc01839d1,e828bdd6f5e64721685c5a164e1f09c186bfebb132980466239172b61eb29f70,a31af2f33d7dd4a2dedddf17e91d0f354fb85405cd37864e32681d29fd054f86,0.08115359830493524,2.7755575615628914e-17,True,,
helmholtz,deeponet,mixed_nine_views,horizontal_lines_50pct,recovery,True,0.09470844064466835,0.02420389970789592,3.912941376706006,0.5925033413931898,0.008704040456776783,helmholtz/deeponet/horizontal_lines_50pct,original500,500,,,8,0.3056381857331619,0.1319838480337063,15.278696718285708,line_sensors_50pct,True,True,200,9cdf6d79112825a74c320182b665590e1183819251d35440fe048320ad2fc8b0,763ece950ca0219942a47dd252cef9053e3c15f6d8361e25ca9009d47df309b0,1899559a5b002efd760c60cef3d38e5433a63a09dc6e4c7c4bc618991f3ab765,532b70fa98836597158bf9c7821aea66985f18741fbe34cd5b09b1d17f6cb161,b2375d22bc203b26898a074aed717e318f3c977ef70d908e8b93f2770eb07b07,a4e0a6bc57cd34fa0e48984e47ac49b7848aeebfe25bd166a16e4e6f45de7c17,0.09470844064466831,4.163336342344337e-17,True,,
helmholtz,deeponet,mixed_nine_views,vertical_lines_50pct,recovery,True,0.09768188271333371,0.02399795934961343,4.070424542781268,0.6096397082354706,0.009456228098949276,helmholtz/deeponet/vertical_lines_50pct,original500,500,,,8,0.28646231966,0.13475884957975082,13.813053110192998,random_50pct,True,True,200,9cdf6d79112825a74c320182b665590e1183819251d35440fe048320ad2fc8b0,763ece950ca0219942a47dd252cef9053e3c15f6d8361e25ca9009d47df309b0,970a36aa853f17ed0410637daa48be7a5fe244908cc884ddae85bcee0ea3c0d9,8bfe87cae8bdf5fdae3ab3df6808d422a1742630900c19053f09f24043333600,87a8d947ef1ebf6712d44d212c671510fd7ce5f057f422c377bae2d86861d4f3,901cf285b8cf8f8a39e1b1d6ef0fcb7fd95d57d9cffb4b61050e365780d1b6c9,0.09768188271333371,0.0,True,,
helmholtz,deeponet,mixed_nine_views,boundary_band_50pct,recovery,True,0.07903390965801142,0.07010405732325543,1.1273799645230194,0.05207031239439363,0.042618111095827284,helmholtz/deeponet/boundary_band_50pct,original500,500,,,8,0.8303389307085747,0.055269331501657054,0.9273936238515421,block_observed_50pct,True,False,200,9cdf6d79112825a74c320182b665590e1183819251d35440fe048320ad2fc8b0,763ece950ca0219942a47dd252cef9053e3c15f6d8361e25ca9009d47df309b0,6b076fb3eb07def39f84fa8ce1235d752d7212d772bd1f0ef72a5e3488f99f52,7bbf3243585d06f8e37f2c4289d5a5d324dcf6d54ed8a7ea96472c96daa0b179,a846b61fd42b6ec75c1d338684e66555482e11af2deaffb3704a55b44411240c,a78ac173497515165ee58d392e20b06e7f7905ba9ee24050ca7dea1b93f0aa0d,0.07903390965801142,0.0,True,,
helmholtz,deeponet,mixed_nine_views,clustered_50pct,recovery,True,0.3364816991307111,0.1560705123889273,2.155959469731217,0.3336405922115779,0.0643676305480286,helmholtz/deeponet/clustered_50pct,original500,500,,,8,0.5194364243291923,0.479605418241346,7.10272281467862,random_65pct,True,True,200,9cdf6d79112825a74c320182b665590e1183819251d35440fe048320ad2fc8b0,763ece950ca0219942a47dd252cef9053e3c15f6d8361e25ca9009d47df309b0,ce78e5409e131b580133a02144cd644f070dc633f443a781e638a222b67c7877,7a33d9c0761e691803fb053f47dd471dbc5da0f03d4ff15c5c4a5b4fb8a32cd4,c894770a10a0f53d18c217d7c2678d084ca9e124f2e8f64e54d6a5290683f50a,48176f80777c56f1eb84f348c01b66cfd24ee9c598a14fa3b182166d93d41aa2,0.3364816991307111,0.0,True,,
heat,deeponet,mixed_nine_views,random_50pct,rollout,True,0.10018521990711453,0.08275912680942202,1.2105640038689796,0.08298775601838664,0.03314013749497558,heat/deeponet/random_50pct,original500,500,,,8,0.39821062152112974,0.25201313246191626,36.904310212524415,clustered_50pct,True,True,200,35aa2bd5ed84e8fe16d567a69f659a0aee51e1c79cd3d5b2553e906e2b56e001,1f6b099a3365f1791818420940060c980fa3780f2aeb7232a4f768ff5f0793e7,d6db0214640096ac2c6c5a527083bd2482d396f522ea152c9d62e9139538bec9,58e4ad2fa2e44a447c4881d9a4623318eb15d1850778e72c4080c6226b5b7c10,608eadec328785d8900d8d28a0da0fb6cced7cec1e27d9fed70005ca485e947a,7a6fd39431a6b01699de87e53d0221ca7976ef46e4225d325ac663de6f6d539f,0.1001852199071145,2.7755575615628914e-17,True,"[{""horizon"": 1, ""rel_l2_mean"": 0.07704823925760698, ""target_time_index"": 1}, {""horizon"": 2, ""rel_l2_mean"": 0.09586946156460563, ""target_time_index"": 2}, {""horizon"": 3, ""rel_l2_mean"": 0.12404368117458577, ""target_time_index"": 3}]","[{""ddof"": 1, ""horizon"": 1, ""mean"": 0.05791144025671252, ""n"": 200, ""std"": 0.01621110788124448}, {""ddof"": 1, ""horizon"": 2, ""mean"": 0.07870783514182016, ""n"": 200, ""std"": 0.03184313031374065}, {""ddof"": 1, ""horizon"": 3, ""mean"": 0.10665504478509458, ""n"": 200, ""std"": 0.049785567990703834}]"
heat,deeponet,mixed_nine_views,random_65pct,rollout,True,0.09059472449961051,0.07953223418074072,1.139094424202013,0.05655972601956442,0.03488926717958083,heat/deeponet/random_65pct,original500_recovered,500,,pdeobs.dynamic-method-budget/2026-09-14-r3,8,0.4786465029154705,0.20448112076747477,32.88288250484159,line_sensors_50pct,True,True,200,35aa2bd5ed84e8fe16d567a69f659a0aee51e1c79cd3d5b2553e906e2b56e001,1f6b099a3365f1791818420940060c980fa3780f2aeb7232a4f768ff5f0793e7,9e47617882be1ec40a1530efc60fcb284c9a880913263451245bf8f80d73c32f,132d171adae1c584fed6472dc71cdc315ed3fa16f9e441caa329580c529936f9,c48bcf1d1e3e840e61371cb4816e234018278d5757b6fec7586077ae311e176f,f66dc599c94f50deae155e4f3160978d3985efb007672e0c7878383b9994f220,0.09059472449961045,5.551115123125783e-17,True,"[{""horizon"": 1, ""rel_l2_mean"": 0.06757957823893429, ""target_time_index"": 1}, {""horizon"": 2, ""rel_l2_mean"": 0.08661580284776957, ""target_time_index"": 2}, {""horizon"": 3, ""rel_l2_mean"": 0.11375052746039796, ""target_time_index"": 3}]","[{""ddof"": 1, ""horizon"": 1, ""mean"": 0.05584767640345206, ""n"": 200, ""std"": 0.016037137114855427}, {""ddof"": 1, ""horizon"": 2, ""mean"": 0.07602493528827782, ""n"": 200, ""std"": 0.03359119618889971}, {""ddof"": 1, ""horizon"": 3, ""mean"": 0.10210782523578509, ""n"": 200, ""std"": 0.05314392416002997}]"
heat,deeponet,mixed_nine_views,random_80pct,rollout,True,0.08801423961000818,0.07826790028658291,1.1245253710363818,0.05096925823923892,0.03630103271868157,heat/deeponet/random_80pct,original500,500,,,8,0.28136479668263514,0.12419667630209862,17.670040615778774,random_50pct,True,True,200,35aa2bd5ed84e8fe16d567a69f659a0aee51e1c79cd3d5b2553e906e2b56e001,1f6b099a3365f1791818420940060c980fa3780f2aeb7232a4f768ff5f0793e7,5d40ab08067d9c08812573c9cc0e92d1ccbbc901aa95ce4da6602651a8b52654,ec665933aa0b22270360e629ee89ed7d8b8159f81966818c4b66ca9a6a06fbfb,78b2d252bacafb594ba01020b047c1d1ec231e1de1b86fa6bf38afce2ca728c5,0902660f8774ac6743770d399e4cfaf51cf01f2df1f46ae4f571e90738f0e847,0.08801423961000823,5.551115123125783e-17,True,"[{""horizon"": 1, ""rel_l2_mean"": 0.06335475069407423, ""target_time_index"": 1}, {""horizon"": 2, ""rel_l2_mean"": 0.08404869196397413, ""target_time_index"": 2}, {""horizon"": 3, ""rel_l2_mean"": 0.11221016991977653, ""target_time_index"": 3}]","[{""ddof"": 1, ""horizon"": 1, ""mean"": 0.052305851408735275, ""n"": 200, ""std"": 0.016125923514875354}, {""ddof"": 1, ""horizon"": 2, ""mean"": 0.07411477041639897, ""n"": 200, ""std"": 0.03424122041425737}, {""ddof"": 1, ""horizon"": 3, ""mean"": 0.10269316401626952, ""n"": 200, ""std"": 0.0556589149951229}]"
heat,deeponet,mixed_nine_views,block_observed_50pct,rollout,True,0.16401143275896657,0.11164884054206711,1.468993604973177,0.1670199051633633,0.04653436996083259,heat/deeponet/block_observed_50pct,original500_recovered,500,,pdeobs.dynamic-method-budget/2026-09-14-r3,8,0.7573157404318411,0.4857460172088562,10.29582140532119,clustered_50pct,True,True,200,35aa2bd5ed84e8fe16d567a69f659a0aee51e1c79cd3d5b2553e906e2b56e001,1f6b099a3365f1791818420940060c980fa3780f2aeb7232a4f768ff5f0793e7,931d5139a0614e0760a1dd425f680342ac8e5678131863979012caa494675cad,54096bf76426fab87c6665b8f463d1b38aad56d756a67946ad87609391723757,ab1564c9225e912c8bd45a728fc2e9d097e8d7565a35e074e0741b3825d569fe,2f62ce5ad76059c1e448661179f55c9325adb2cc2bf595c641a1de2c60ef3dba,0.16401143275896665,8.326672684688674e-17,True,"[{""horizon"": 1, ""rel_l2_mean"": 0.14606070733680238, ""target_time_index"": 1}, {""horizon"": 2, ""rel_l2_mean"": 0.1600352766256237, ""target_time_index"": 2}, {""horizon"": 3, ""rel_l2_mean"": 0.18444537383900186, ""target_time_index"": 3}]","[{""ddof"": 1, ""horizon"": 1, ""mean"": 0.08841500744448924, ""n"": 200, ""std"": 0.030609484440950983}, {""ddof"": 1, ""horizon"": 2, ""mean"": 0.10706726351794195, ""n"": 200, ""std"": 0.04388835176917746}, {""ddof"": 1, ""horizon"": 3, ""mean"": 0.1359982465408618, ""n"": 200, ""std"": 0.06765997569897578}]"
heat,deeponet,mixed_nine_views,line_sensors_50pct,rollout,True,0.10481847332118203,0.08380277099478953,1.2507757449655115,0.0971794508170005,0.03280236038563394,heat/deeponet/line_sensors_50pct,original500,500,,,8,0.729566218941945,0.4587209465412884,75.20940388047126,random_50pct,True,True,200,35aa2bd5ed84e8fe16d567a69f659a0aee51e1c79cd3d5b2553e906e2b56e001,1f6b099a3365f1791818420940060c980fa3780f2aeb7232a4f768ff5f0793e7,9c49b57ed72ab644830051f694ee29604e4df7e903e098400034bbb635720bb7,18d6d19830a918fd92b35a14888942cbb99be62808528e23fb627bc4bcd90429,b3a7c8cac299dd65150d3634548cb200b84a76b9ed676d09d685e7900a2c0e0b,c71b40aa07de7f6c4645dc9f364a2154528b8bf5bfa8b333bd9a2686c7579fd9,0.10481847332118209,5.551115123125783e-17,True,"[{""horizon"": 1, ""rel_l2_mean"": 0.08465383496021656, ""target_time_index"": 1}, {""horizon"": 2, ""rel_l2_mean"": 0.10097164658953627, ""target_time_index"": 2}, {""horizon"": 3, ""rel_l2_mean"": 0.12592745642473965, ""target_time_index"": 3}]","[{""ddof"": 1, ""horizon"": 1, ""mean"": 0.06331544206538464, ""n"": 200, ""std"": 0.017602394520009605}, {""ddof"": 1, ""horizon"": 2, ""mean"": 0.0807688813554309, ""n"": 200, ""std"": 0.031308513047845585}, {""ddof"": 1, ""horizon"": 3, ""mean"": 0.10393818744677913, ""n"": 200, ""std"": 0.049239745923027746}]"
heat,deeponet,mixed_nine_views,horizontal_lines_50pct,rollout,True,0.12293597421937719,0.09001928854272252,1.3656625842030803,0.13534341097080607,0.031080262395161585,heat/deeponet/horizontal_lines_50pct,original500,500,,,8,0.9413757568417824,0.19067682203723538,93.62796526387162,line_sensors_50pct,True,True,200,35aa2bd5ed84e8fe16d567a69f659a0aee51e1c79cd3d5b2553e906e2b56e001,1f6b099a3365f1791818420940060c980fa3780f2aeb7232a4f768ff5f0793e7,ac49270869e583aea29eadb1ec5f86160c692eb81f0dcbfba75dafe1d0acae21,9d031ef04c72e621e6f4b0ffd5f43d5ba5ec524a85b8bbf6dc53c30b03b3ec3c,8cb6e686ad0140a9e2b361010f3cf808875d744f8d8b9ee5ef65cad9aa0e0e23,967669131e7b1d349fbcb5a4a5cd5634bca5c752ac3a041f2dfe687bc5b559b7,0.12293597421937723,4.163336342344337e-17,True,"[{""horizon"": 1, ""rel_l2_mean"": 0.10378943960431412, ""target_time_index"": 1}, {""horizon"": 2, ""rel_l2_mean"": 0.11894820241710675, ""target_time_index"": 2}, {""horizon"": 3, ""rel_l2_mean"": 0.14401353517101317, ""target_time_index"": 3}]","[{""ddof"": 1, ""horizon"": 1, ""mean"": 0.06994394275095969, ""n"": 200, ""std"": 0.018271481930763313}, {""ddof"": 1, ""horizon"": 2, ""mean"": 0.08659438900375134, ""n"": 200, ""std"": 0.029483824083050815}, {""ddof"": 1, ""horizon"": 3, ""mean"": 0.11005714396117375, ""n"": 200, ""std"": 0.046039915259084935}]"
heat,deeponet,mixed_nine_views,vertical_lines_50pct,rollout,True,0.1321061447432662,0.08832410082297892,1.4956975900387166,0.17484379389365154,0.035676537041511955,heat/deeponet/vertical_lines_50pct,original500,500,,,8,0.9475816267625807,0.18495168565402964,71.98173001589296,line_sensors_50pct,True,True,200,35aa2bd5ed84e8fe16d567a69f659a0aee51e1c79cd3d5b2553e906e2b56e001,1f6b099a3365f1791818420940060c980fa3780f2aeb7232a4f768ff5f0793e7,66a82858597567b9fa5ab1233f7e74ad7e0015e39bb46a9bc139cd861c9df2e1,dea4a147bc6762e94a0b4469d92a368b97bee252fb5faa85f043e15cef08088d,b5dbd6f1f8bde062bb2fe3f7044a401ae74bfb618dacb98a13349159acfa1dd4,74d576769f5127d01ea6c64c5104ac565ac52dc2e3b062ec9f738dd17fd76bb0,0.13210614474326624,2.7755575615628914e-17,True,"[{""horizon"": 1, ""rel_l2_mean"": 0.11029695587777937, ""target_time_index"": 1}, {""horizon"": 2, ""rel_l2_mean"": 0.1275629521204576, ""target_time_index"": 2}, {""horizon"": 3, ""rel_l2_mean"": 0.15554045639820144, ""target_time_index"": 3}]","[{""ddof"": 1, ""horizon"": 1, ""mean"": 0.06870138957921575, ""n"": 200, ""std"": 0.020720938636157763}, {""ddof"": 1, ""horizon"": 2, ""mean"": 0.08530721241402917, ""n"": 200, ""std"": 0.03409301103377217}, {""ddof"": 1, ""horizon"": 3, ""mean"": 0.10786090008389328, ""n"": 200, ""std"": 0.053152348558328635}]"
heat,deeponet,mixed_nine_views,boundary_band_50pct,rollout,True,0.10562183761041755,0.07492167253991538,1.409763477372269,0.1491462551457809,0.031841836761719484,heat/deeponet/boundary_band_50pct,original500_recovered,500,,pdeobs.dynamic-method-budget/2026-09-14-r3,8,0.6942633659977874,0.09538275643339063,5.6886095452278145,block_observed_50pct,True,False,200,35aa2bd5ed84e8fe16d567a69f659a0aee51e1c79cd3d5b2553e906e2b56e001,1f6b099a3365f1791818420940060c980fa3780f2aeb7232a4f768ff5f0793e7,b157800d70711a3065ca768104fd90370412d7dc138d415ef4e1a9bb351a14b4,9776b3cccbb819029c456f569fdb27d2f99e53fb26f9a652f0043b19a8f85b18,378a370f16b43b80c16e8e5274ab9ea198bf66984c6856ff63e84143a2933847,458cd1fd5477ac7e95ca9b3abff6f532ca37d0b8eaa416190e777962f90e7da4,0.10562183761041753,1.3877787807814457e-17,True,"[{""horizon"": 1, ""rel_l2_mean"": 0.08531256871913329, ""target_time_index"": 1}, {""horizon"": 2, ""rel_l2_mean"": 0.10174824959476428, ""target_time_index"": 2}, {""horizon"": 3, ""rel_l2_mean"": 0.12693238082233976, ""target_time_index"": 3}]","[{""ddof"": 1, ""horizon"": 1, ""mean"": 0.048749148051006906, ""n"": 200, ""std"": 0.01889266481074519}, {""ddof"": 1, ""horizon"": 2, ""mean"": 0.07242150946718257, ""n"": 200, ""std"": 0.029566418782418533}, {""ddof"": 1, ""horizon"": 3, ""mean"": 0.09812141882582988, ""n"": 200, ""std"": 0.04815771097968832}]"
heat,deeponet,mixed_nine_views,clustered_50pct,rollout,True,0.288040827856493,0.1950282967079461,1.47691813300217,0.169356422616759,0.07309738746432067,heat/deeponet/clustered_50pct,original500_recovered,500,,pdeobs.dynamic-method-budget/2026-09-14-r3,8,0.8651498553480474,0.6250220302731434,7.974650076213811,horizontal_lines_50pct,True,True,200,35aa2bd5ed84e8fe16d567a69f659a0aee51e1c79cd3d5b2553e906e2b56e001,1f6b099a3365f1791818420940060c980fa3780f2aeb7232a4f768ff5f0793e7,0c8e12d0cb9fdf945aefd6f37519518c037fac71240786116b720201bcff2879,6ed0cf5f41bd97d031800845c3e484b2ac339e14c112332664dcaa33a502728c,b898ed025d21688139312e03316f460b7f3492aa06dd84451942fdb822f6fed5,b1248b716ebc1da4e5820a8a7da337ade5f01429d86c41cdccd1087ba1428544,0.28804082785649304,5.551115123125783e-17,True,"[{""horizon"": 1, ""rel_l2_mean"": 0.27265123941078967, ""target_time_index"": 1}, {""horizon"": 2, ""rel_l2_mean"": 0.28327881660164966, ""target_time_index"": 2}, {""horizon"": 3, ""rel_l2_mean"": 0.3074580606547343, ""target_time_index"": 3}]","[{""ddof"": 1, ""horizon"": 1, ""mean"": 0.17903184632108876, ""n"": 200, ""std"": 0.058982204521887856}, {""ddof"": 1, ""horizon"": 2, ""mean"": 0.18990414902375463, ""n"": 200, ""std"": 0.0679858215682201}, {""ddof"": 1, ""horizon"": 3, ""mean"": 0.21427844552106945, ""n"": 200, ""std"": 0.0960510101362264}]"
poisson,ufno_2d,mixed_nine_views,random_50pct,recovery,True,0.017739771580556448,0.18368408458468802,0.09657761923503765,-1.0151235047322131,0.11258325163203027,poisson/ufno_2d/random_50pct,budget200_min120,130,train_data_patience_10,pdeobs.max200-min120-then-train-data-patience10/20260920,8,0.32018358611757824,0.06175241039816417,2.568748972306572,clustered_50pct,True,True,200,22fbbba10e437d29e34f9b9a687dfde7d147a42f8feeabb8972ccbd54009786d,3a6658ddd58ceb8833b6143c3a5b3b0085667f650f680d2e0207c1c385754a6b,a217dc62fed618537a58c5e8434f8178cd81a26481c4ac7c2c7bf84fa4561a94,eae9e61af078cb8753a6644a7f6bb23d6c05ddbfcb1ff0c8888488c7ae8b5150,2c2b67ccf0eefee52af1ffe129a59b66efea544c7513a9b12471274c802f215c,712d82ad6f53b6e7b897de75cd2444d339fd2d2e7c278b7edcb6f1678aa96a63,0.01773977203947822,4.5892177211181995e-10,True,,
poisson,ufno_2d,mixed_nine_views,random_65pct,recovery,True,0.01786127865707127,0.33921534471098874,0.052654689522636626,-1.278562943697716,0.20995876688560727,poisson/ufno_2d/random_65pct,budget200_min120,151,train_data_patience_10,pdeobs.max200-min120-then-train-data-patience10/20260920,8,0.25772719420818413,0.049373377359643304,2.430380764812898,clustered_50pct,True,True,200,22fbbba10e437d29e34f9b9a687dfde7d147a42f8feeabb8972ccbd54009786d,3a6658ddd58ceb8833b6143c3a5b3b0085667f650f680d2e0207c1c385754a6b,be1bce7425f81d1165105edf7052265953d095791591b7b6794e7d34fdd93f33,0a5e81574e39419670d02ea20d08615f9cc1b49fd29f2f05c2152bc71f63ec03,d7b1d45c25e4e556c9c0a387969f0c34198022f3f9bcdbde5cea15f9891c3064,d2ff0106528a553cff21795e2700419c0a3448a70c8cb4789adf1bb4bc8de704,0.017861278772077927,1.1500665697550261e-10,True,,
poisson,ufno_2d,mixed_nine_views,random_80pct,recovery,True,0.0204200944935413,0.05537478580554365,0.3687615978371336,-0.4332543119020207,0.023068379438907022,poisson/ufno_2d/random_80pct,budget200_min120,163,train_data_patience_10,pdeobs.max200-min120-then-train-data-patience10/20260920,8,0.4475757554692054,0.038755754008560225,1.9696925698479537,clustered_50pct,True,True,200,22fbbba10e437d29e34f9b9a687dfde7d147a42f8feeabb8972ccbd54009786d,3a6658ddd58ceb8833b6143c3a5b3b0085667f650f680d2e0207c1c385754a6b,bee83171d46b8d09d1e957e4ec7cf532a594e5c5c5ead34851a96fc6f29bb1a9,4de2b01783d9da3b89be7a221b22a884e64853f53ebb8439e3103565e8e4b78f,59525120b1d00377b818ec8a4bfc96760923989a0b26e64a16092ab33272beb8,9a82143ed0d923293355748eed0907dabccf3b5d30906b58832256034b8054a0,0.020420094453003426,4.053787514002316e-11,True,,
poisson,ufno_2d,mixed_nine_views,block_observed_50pct,recovery,True,0.23642955141526517,0.06780625318973411,3.486839934271146,0.5424320112537109,0.04336709986343436,poisson/ufno_2d/block_observed_50pct,budget200_min120,200,max_epochs_200,pdeobs.max200-min120-then-train-data-patience10/20260920,8,1.0080823135001813,0.382878869990447,3.9749760455842487,clustered_50pct,True,True,200,22fbbba10e437d29e34f9b9a687dfde7d147a42f8feeabb8972ccbd54009786d,3a6658ddd58ceb8833b6143c3a5b3b0085667f650f680d2e0207c1c385754a6b,5c094c2fefa9d7601f8b833e137ef897dbc9bc90066b6631b826f9ab5e245e15,94dd96277db0bee8aa3516f5fbb7ae059fb71bf208110a24dbd3cc7e9a2ebff6,f4ba96b59275f9ae0004aa27940f22e0144e100ffb0141fd118296bedd9cdf57,0d0cd205848f33665ccf9e38bf78d49fa3ec334ac02afce43763db98a1b8429b,0.23642955299971724,1.5844520695473818e-09,True,,
poisson,ufno_2d,mixed_nine_views,line_sensors_50pct,recovery,True,0.021701663130128494,0.1647116445845925,0.13175548811294255,-0.8802312857357093,0.07359013774999493,poisson/ufno_2d/line_sensors_50pct,budget200_min120,134,train_data_patience_10,pdeobs.max200-min120-then-train-data-patience10/20260920,8,0.29067867198864117,0.05311721584373743,3.825222290373274,clustered_50pct,True,True,200,22fbbba10e437d29e34f9b9a687dfde7d147a42f8feeabb8972ccbd54009786d,3a6658ddd58ceb8833b6143c3a5b3b0085667f650f680d2e0207c1c385754a6b,80bbbcff8ceb9b0d8640b52ee5d4cd6503ceb6c368755fb931b05ea5677e8241,8042caacb0508705277c3935a7f8327bdfaf2a2639a36be649819e5d393f9cd6,ba4281ae9c7eae769557d39b1e68717bedd756090fc5143e05da265331e3a782,16dcedd7bb3f27d9b9d680197e23f62b76447bf0bf558b8ff2994ecd70d7f01b,0.0217016631014158,2.871269541571131e-11,True,,
poisson,ufno_2d,mixed_nine_views,horizontal_lines_50pct,recovery,True,0.024852488123240462,0.081514092345174,0.30488578610434397,-0.5158628221427917,0.04827781443677294,poisson/ufno_2d/horizontal_lines_50pct,budget200_min120,130,train_data_patience_10,pdeobs.max200-min120-then-train-data-patience10/20260920,8,0.3027809932964816,0.06685123420676736,4.105933735394015,clustered_50pct,True,True,200,22fbbba10e437d29e34f9b9a687dfde7d147a42f8feeabb8972ccbd54009786d,3a6658ddd58ceb8833b6143c3a5b3b0085667f650f680d2e0207c1c385754a6b,5f2fbea2c7808284dc72d1e6560203e5f964da8666e5e247d4d701012f6fd28b,095e08f0a8a90e3a6eeebec77feb2a81fc7136f06666820d66ccadaa067698a2,e1b66abf5e534a4083f432ed7c63a0c0c72baebe5792f74f64fff625feac6cfb,daf178257163ab44faf1c5fb15d840a184062d05b20e67cbf4c4c30ffaf6d8b9,0.024852488129623512,6.383050338287788e-12,True,,
poisson,ufno_2d,mixed_nine_views,vertical_lines_50pct,recovery,True,0.02558142617620508,0.058829576513141385,0.4348395431758834,-0.36167096918048075,0.03343314645789023,poisson/ufno_2d/vertical_lines_50pct,budget200_min120,137,train_data_patience_10,pdeobs.max200-min120-then-train-data-patience10/20260920,8,0.30638872941107814,0.07145400259301957,4.0560623865690255,clustered_50pct,True,True,200,22fbbba10e437d29e34f9b9a687dfde7d147a42f8feeabb8972ccbd54009786d,3a6658ddd58ceb8833b6143c3a5b3b0085667f650f680d2e0207c1c385754a6b,707192e3ccd24b654f951628371ac82093d39311244fa366f4beb7aa4e9888cf,a1fd9104209a801795a396ce1b9205dc268b4e02029b8ea7b18e08e2da682e35,7897dd006f2a03cf0926f8c5cc7f74048c77ff71a0fe56a1ae91aa2b4cc3ed3a,c21e13142799a97129615e28baf143fb1b9e5548638778dc776b318468e0ffc4,0.025581426112559695,6.364538410186249e-11,True,,
poisson,ufno_2d,mixed_nine_views,boundary_band_50pct,recovery,True,0.1430770058141771,0.0441637455958157,3.2396936420114906,0.5105039435786676,0.025764807728604167,poisson/ufno_2d/boundary_band_50pct,budget200_min120,200,max_epochs_200,pdeobs.max200-min120-then-train-data-patience10/20260920,8,0.9910192856367794,0.047414496195833086,3.923860903884854,block_observed_50pct,True,False,200,22fbbba10e437d29e34f9b9a687dfde7d147a42f8feeabb8972ccbd54009786d,3a6658ddd58ceb8833b6143c3a5b3b0085667f650f680d2e0207c1c385754a6b,b5268970145c05bb3980e1708ad09e8b3149832c760dccff4c31fa8b30557c60,746d0c9f33c30374641d368b7545eb346b43691b250853fce94b6ebc7b114a03,967600d47f802ad4bfc10a264ec2afb71fc211de7d4ce937b53126947ec87847,a5cf85267e5fecf02932bb0d8fcf2983cdcb3755baa0f6c9c74b40a83c588a23,0.14307700565062834,1.6354875786994683e-10,True,,
poisson,ufno_2d,mixed_nine_views,clustered_50pct,recovery,True,0.1335299772521815,0.05313101158955705,2.5132210597403146,0.4002306902650892,0.03597203446650852,poisson/ufno_2d/clustered_50pct,budget200_min120,200,max_epochs_200,pdeobs.max200-min120-then-train-data-patience10/20260920,8,0.8557400000510909,0.3576182073809353,3.2983920202724994,block_observed_50pct,True,True,200,22fbbba10e437d29e34f9b9a687dfde7d147a42f8feeabb8972ccbd54009786d,3a6658ddd58ceb8833b6143c3a5b3b0085667f650f680d2e0207c1c385754a6b,4b61ae5d96959b80408656bcadf28fd8a995cad70d5bed4463b4cf89970c0f5d,96770cf2fac00d8d5e87fce8a19e5124330cf18964314b0d9e316b5cf470d55e,7f4ba83ebf378320f5357f74590427ead61d205b53a2b4f1b1dd4f1c114abcab,978703f7b61916b602afe7df56914061928acb166c72148daf67d0d70db06878,0.1335299765930307,6.591507895059578e-10,True,,
navier_stokes,ufno_2d,mixed_nine_views,random_50pct,rollout,True,0.008298488100257746,0.013267881685895731,0.6254568963393273,-0.20380261455090187,0.0015679107523059168,navier_stokes/ufno_2d/random_50pct,original500_recovered,500,,pdeobs.dynamic-method-budget/2026-09-14-r3,8,0.042040337991767304,0.011833391258910333,0.2971092100727899,random_65pct,True,True,200,47f5416cf0bac204f3767f0aa20cc988273ec4c0d82d85be197da3ab47e12690,be05345dec760c5a252e8b185710135c67b713c309a5ef237d8bde146fdef084,e7deda2af1b53ccc8386c1f32937aa2fab1ea128d7b66330bd787f09c8a0f269,c324049062d506c3469de31d806d10ec86c3f1957b2de2b6e5daee9484dea347,714389f0befb7baaeaddd48fcdf54fb1b7e76f4c4b68d28784ac3396c037fb1c,455ecdea2c4fdcaf29bcdf78a5121827b54e6eb4a6276ac3cc6da3f8edd89f1b,0.008298488100257753,6.938893903907228e-18,True,"[{""horizon"": 1, ""rel_l2_mean"": 0.007255394350974679, ""target_time_index"": 1}, {""horizon"": 2, ""rel_l2_mean"": 0.007522555585169124, ""target_time_index"": 2}, {""horizon"": 3, ""rel_l2_mean"": 0.009889230422352523, ""target_time_index"": 3}]","[{""ddof"": 1, ""horizon"": 1, ""mean"": 0.012104963426269669, ""n"": 200, ""std"": 0.0017756760426329116}, {""ddof"": 1, ""horizon"": 2, ""mean"": 0.012626309636587093, ""n"": 200, ""std"": 0.0016523255467639445}, {""ddof"": 1, ""horizon"": 3, ""mean"": 0.014919975773011738, ""n"": 200, ""std"": 0.0016723391434752318}]"
navier_stokes,ufno_2d,mixed_nine_views,random_65pct,rollout,True,0.008094245730801086,0.006377037419759479,1.269279948980819,0.10355741948547403,0.0018027159873737213,navier_stokes/ufno_2d/random_65pct,original500_recovered,500,,pdeobs.dynamic-method-budget/2026-09-14-r3,8,0.034225773515484545,0.009177162312438758,0.09493742050449669,random_50pct,True,True,200,47f5416cf0bac204f3767f0aa20cc988273ec4c0d82d85be197da3ab47e12690,be05345dec760c5a252e8b185710135c67b713c309a5ef237d8bde146fdef084,4614e112c93f349fbe9b0fa832d9209f279865625ade23de99b5aa975f5385d2,8bced18704076e05a01c6575c3ab7aebde9b0e257f499a6888d6abb7feb69f06,9c8dc6f8504cb59bd254fab84ea89f48c7aff7400d966801a1b34bb60dd4b501,9addc31a6a1770b6730b98b4441ea7efd203c4661e0dfec9765e02dbfc196874,0.008094245730801084,1.734723475976807e-18,True,"[{""horizon"": 1, ""rel_l2_mean"": 0.006327117064228805, ""target_time_index"": 1}, {""horizon"": 2, ""rel_l2_mean"": 0.007437803900016047, ""target_time_index"": 2}, {""horizon"": 3, ""rel_l2_mean"": 0.010101252361771508, ""target_time_index"": 3}]","[{""ddof"": 1, ""horizon"": 1, ""mean"": 0.005465772051006103, ""n"": 200, ""std"": 0.0011366540427979522}, {""ddof"": 1, ""horizon"": 2, ""mean"": 0.0057117009165004165, ""n"": 200, ""std"": 0.0017572488163038417}, {""ddof"": 1, ""horizon"": 3, ""mean"": 0.007721368305934224, ""n"": 200, ""std"": 0.0024392796863485235}]"
navier_stokes,ufno_2d,mixed_nine_views,random_80pct,rollout,True,0.008205769206791407,0.006678757451685297,1.228637102957046,0.0894236262091686,0.0017780159143935869,navier_stokes/ufno_2d/random_80pct,original500_recovered,500,,pdeobs.dynamic-method-budget/2026-09-14-r3,8,0.02541504206106152,0.006592694563268605,0.04760630912414381,random_65pct,True,False,200,47f5416cf0bac204f3767f0aa20cc988273ec4c0d82d85be197da3ab47e12690,be05345dec760c5a252e8b185710135c67b713c309a5ef237d8bde146fdef084,8cd099ed3068827a0266f627b96161a1d15f4c37da50d5130079d5d3b7d4d071,b1adf3cd707d0a9e7d28075de104432b97a313156bd8adc9099a73c12d700197,cc59378d4241e443e6a2cd31943ebaf82975dd6a7b09b0a3bc3680f04754dff4,8052b15d8390754734c61061714d6e622f50722b9370985d7493d22088f620d7,0.008205769206791405,1.734723475976807e-18,True,"[{""horizon"": 1, ""rel_l2_mean"": 0.005692881412278571, ""target_time_index"": 1}, {""horizon"": 2, ""rel_l2_mean"": 0.007658681216321256, ""target_time_index"": 2}, {""horizon"": 3, ""rel_l2_mean"": 0.010599323299517245, ""target_time_index"": 3}]","[{""ddof"": 1, ""horizon"": 1, ""mean"": 0.005313917554673551, ""n"": 200, ""std"": 0.0011473220100733114}, {""ddof"": 1, ""horizon"": 2, ""mean"": 0.005960920411368256, ""n"": 200, ""std"": 0.0017494600270196042}, {""ddof"": 1, ""horizon"": 3, ""mean"": 0.008401586253304493, ""n"": 200, ""std"": 0.0023665579718636603}]"
navier_stokes,ufno_2d,mixed_nine_views,block_observed_50pct,rollout,True,0.08073317230181473,0.05431674481596061,1.486340401571558,0.17211828290661593,0.0231698715818122,navier_stokes/ufno_2d/block_observed_50pct,original500_recovered,500,,pdeobs.dynamic-method-budget/2026-09-14-r3,8,0.36808665100844074,0.1358784207593384,0.553385072883555,clustered_50pct,True,True,200,47f5416cf0bac204f3767f0aa20cc988273ec4c0d82d85be197da3ab47e12690,be05345dec760c5a252e8b185710135c67b713c309a5ef237d8bde146fdef084,2d263de8d68520d06738831996dbf8879c28f5d543bc8990d5072c1fecb863ba,165bca41911a205c4443ca19f6064b96f3e881d34aab102067892e8dfb4d8409,0209c3f69d64e1619521b109d4093951a9a3fe8762784fcb43606152bf27e83e,3df5fba981b77d7d23ea650b9a27243b94e5c2cc51c7b5105cb9905625e0b320,0.08073317230181473,0.0,True,"[{""horizon"": 1, ""rel_l2_mean"": 0.08291027350015094, ""target_time_index"": 1}, {""horizon"": 2, ""rel_l2_mean"": 0.0803063112683774, ""target_time_index"": 2}, {""horizon"": 3, ""rel_l2_mean"": 0.07877602854736229, ""target_time_index"": 3}]","[{""ddof"": 1, ""horizon"": 1, ""mean"": 0.05515700209008892, ""n"": 200, ""std"": 0.023098653711560627}, {""ddof"": 1, ""horizon"": 2, ""mean"": 0.05370168185755361, ""n"": 200, ""std"": 0.02329389052607556}, {""ddof"": 1, ""horizon"": 3, ""mean"": 0.05397684277272022, ""n"": 200, ""std"": 0.023242323557716334}]"
navier_stokes,ufno_2d,mixed_nine_views,line_sensors_50pct,rollout,True,0.010433186636376149,0.010868908281842171,0.9599111857265418,-0.017768947515856677,0.002048135615108172,navier_stokes/ufno_2d/line_sensors_50pct,original500_recovered,500,,pdeobs.dynamic-method-budget/2026-09-14-r3,8,0.057901793999904055,0.029471473270829388,0.3620445832288634,horizontal_lines_50pct,True,True,200,47f5416cf0bac204f3767f0aa20cc988273ec4c0d82d85be197da3ab47e12690,be05345dec760c5a252e8b185710135c67b713c309a5ef237d8bde146fdef084,98f703fc3b5ef29f4756b2189d236a22aa675b75568800fa50d119e9aa16c69f,8d506cf5b96ab787578a9d5387de70fde4b7d234b075015b4c95702e52014ded,13cc67009842424c05c26d4380d2a3cb48f48feb6d25ee087cd8c8a49c4fbb24,74e2636b4daf4214954b02b8495b10d8a1831c5df75814695a84e036bcec8df7,0.010433186636376142,6.938893903907228e-18,True,"[{""horizon"": 1, ""rel_l2_mean"": 0.010392585708532081, ""target_time_index"": 1}, {""horizon"": 2, ""rel_l2_mean"": 0.009611438290712577, ""target_time_index"": 2}, {""horizon"": 3, ""rel_l2_mean"": 0.011195764546845299, ""target_time_index"": 3}]","[{""ddof"": 1, ""horizon"": 1, ""mean"": 0.012663696403042863, ""n"": 200, ""std"": 0.002373679013199924}, {""ddof"": 1, ""horizon"": 2, ""mean"": 0.009674257688226374, ""n"": 200, ""std"": 0.0019566628777388725}, {""ddof"": 1, ""horizon"": 3, ""mean"": 0.009844374361492828, ""n"": 200, ""std"": 0.002083160275660328}]"
navier_stokes,ufno_2d,mixed_nine_views,horizontal_lines_50pct,rollout,True,0.011090116510982755,0.009873402945853442,1.1232314301160269,0.05046924732755613,0.0018861541915550387,navier_stokes/ufno_2d/horizontal_lines_50pct,original500_recovered,500,,pdeobs.dynamic-method-budget/2026-09-14-r3,8,0.07223468310872672,0.012929566036841835,0.3594263717339614,line_sensors_50pct,True,True,200,47f5416cf0bac204f3767f0aa20cc988273ec4c0d82d85be197da3ab47e12690,be05345dec760c5a252e8b185710135c67b713c309a5ef237d8bde146fdef084,2988f30be00170c49d8d24a055b8630048c000b1c3e756fdc83c06e9e5f8d698,6367d805481ba244a0e013853813e33c5dca327a735c1122f488e25ffdea0902,998d2ce8b3ab7a490bcefd14515ae135b1d9e563cb61b3ac98f6c697fe6c3f57,13389bdaf6b444c8cdcd499e360d8445dea002090fc422325645697755f6b747,0.011090116510982757,1.734723475976807e-18,True,"[{""horizon"": 1, ""rel_l2_mean"": 0.011240124158432938, ""target_time_index"": 1}, {""horizon"": 2, ""rel_l2_mean"": 0.010245154067418, ""target_time_index"": 2}, {""horizon"": 3, ""rel_l2_mean"": 0.01165975825704511, ""target_time_index"": 3}]","[{""ddof"": 1, ""horizon"": 1, ""mean"": 0.010655999601332027, ""n"": 200, ""std"": 0.0021384579339795103}, {""ddof"": 1, ""horizon"": 2, ""mean"": 0.00907389115772169, ""n"": 200, ""std"": 0.0018383652919305245}, {""ddof"": 1, ""horizon"": 3, ""mean"": 0.009708099749752919, ""n"": 200, ""std"": 0.002022332507772814}]"
navier_stokes,ufno_2d,mixed_nine_views,vertical_lines_50pct,rollout,True,0.011184421075432582,0.011354810110410658,0.984994109692609,-0.00656636659441411,0.0028097816548500756,navier_stokes/ufno_2d/vertical_lines_50pct,original500_recovered,500,,pdeobs.dynamic-method-budget/2026-09-14-r3,8,0.06756384754968418,0.012250112697021814,0.41670980350684234,line_sensors_50pct,True,True,200,47f5416cf0bac204f3767f0aa20cc988273ec4c0d82d85be197da3ab47e12690,be05345dec760c5a252e8b185710135c67b713c309a5ef237d8bde146fdef084,fcb949ae07d515ecb7e4e8cb4cc14c7f30242f04d8687014a7ab96c03b2bd0ad,e005f352995a189feac44be179c3cb0ece4859f0fceb3411fa2e7a13eaf363e8,2e21d80c935dad2642f32ade18a4df3800d8109683e60d6f2fe19fb8bffc91ce,caab1911d76c04873e80519e4272fd5be16e323fdce18ee4d547ca65334c1fc1,0.011184421075432584,1.734723475976807e-18,True,"[{""horizon"": 1, ""rel_l2_mean"": 0.011357904607861197, ""target_time_index"": 1}, {""horizon"": 2, ""rel_l2_mean"": 0.010335662121862477, ""target_time_index"": 2}, {""horizon"": 3, ""rel_l2_mean"": 0.011747713674227209, ""target_time_index"": 3}]","[{""ddof"": 1, ""horizon"": 1, ""mean"": 0.01235776340666136, ""n"": 200, ""std"": 0.003237484891323928}, {""ddof"": 1, ""horizon"": 2, ""mean"": 0.010311532398051406, ""n"": 200, ""std"": 0.0027617595602697055}, {""ddof"": 1, ""horizon"": 3, ""mean"": 0.011180639879955752, ""n"": 200, ""std"": 0.002639528955408863}]"
navier_stokes,ufno_2d,mixed_nine_views,boundary_band_50pct,rollout,True,0.06555692385463888,0.026491854477158405,2.47460682343559,0.3935062061072725,0.010590815337997586,navier_stokes/ufno_2d/boundary_band_50pct,original500,500,,,8,0.3596660240305363,0.04708339277743368,0.5486542051785341,block_observed_50pct,True,False,200,47f5416cf0bac204f3767f0aa20cc988273ec4c0d82d85be197da3ab47e12690,be05345dec760c5a252e8b185710135c67b713c309a5ef237d8bde146fdef084,c77707b3e5b96d0c0c538bbc8092ac6cd8ff8f10b75a201bcd30cd56ae80800e,c283573789be3f56e837f7152a44668f7bff647c23e5d8fcb301eb4ca140311a,3133d43187ff0602783a864634ad391bcc56d53145471366bc482c6a64926eea,095a9e4bfb387f0e1fafd8aa3c2267b83ff438b82d820dba4be691e460e88e64,0.0655569238546389,2.7755575615628914e-17,True,"[{""horizon"": 1, ""rel_l2_mean"": 0.06729889153757541, ""target_time_index"": 1}, {""horizon"": 2, ""rel_l2_mean"": 0.06517810729269012, ""target_time_index"": 2}, {""horizon"": 3, ""rel_l2_mean"": 0.06402528047854053, ""target_time_index"": 3}]","[{""ddof"": 1, ""horizon"": 1, ""mean"": 0.026709839186198136, ""n"": 200, ""std"": 0.010664364277170728}, {""ddof"": 1, ""horizon"": 2, ""mean"": 0.025788578459984866, ""n"": 200, ""std"": 0.010688677637540828}, {""ddof"": 1, ""horizon"": 3, ""mean"": 0.026879210854590017, ""n"": 200, ""std"": 0.010586131812649198}]"
navier_stokes,ufno_2d,mixed_nine_views,clustered_50pct,rollout,True,0.1107842177218104,0.09069504496192822,1.2215024290281258,0.08689433492997337,0.03551512602106237,navier_stokes/ufno_2d/clustered_50pct,original500_recovered,500,,pdeobs.dynamic-method-budget/2026-09-14-r3,8,0.3874086028597619,0.2323717116913057,0.4867119409646743,block_observed_50pct,True,True,200,47f5416cf0bac204f3767f0aa20cc988273ec4c0d82d85be197da3ab47e12690,be05345dec760c5a252e8b185710135c67b713c309a5ef237d8bde146fdef084,ed5f00caf6f062c4000b751f8682660ceb30fecd012ffde815547a103e8f9079,f557b74fe655edfba12623522cde28c908d667d8745fb2729450a0252be57091,d2a3f30f39eb02250c02984c11ba1943f2ff8f4816d33871c4aca256f1bbcf61,7493af3f04b99d257f884c89f24646f1977fedad1ccf1574431fc1802a21315f,0.11078421772181038,1.3877787807814457e-17,True,"[{""horizon"": 1, ""rel_l2_mean"": 0.11434765758422502, ""target_time_index"": 1}, {""horizon"": 2, ""rel_l2_mean"": 0.11010219070178388, ""target_time_index"": 2}, {""horizon"": 3, ""rel_l2_mean"": 0.10754262887059156, ""target_time_index"": 3}]","[{""ddof"": 1, ""horizon"": 1, ""mean"": 0.09425803677028673, ""n"": 200, ""std"": 0.035678481270448766}, {""ddof"": 1, ""horizon"": 2, ""mean"": 0.08906426312733495, ""n"": 200, ""std"": 0.03589323558871239}, {""ddof"": 1, ""horizon"": 3, ""mean"": 0.08833641277347587, ""n"": 200, ""std"": 0.0351925688448873}]"
