pde,method,train_view,view_id,spec,mix_rel_l2,realized_observed_fraction,legacy_evaluator_rel_l2,legacy_abs_diff,score_sha256,predictions_sha256,note
helmholtz,fno,mixed_nine_views,random_3pct-p20,random_3pct 20,0.14219628968666784,,0.14219628968666786,2.7755575615628914e-17,4c5312f9c1ba376cb7512c1fe6f8c374dea37f4bd4229ea8e82ae53aa426f70e,04746b0e00547664fe1d3ce85db8f2cada2d083fa641641c62757bf0a75fa42e,no specialist trained on this view; descriptive only
helmholtz,fno,mixed_nine_views,random_3pct-p35,random_3pct 35,0.04337647351852558,,0.043376473518525575,6.938893903907228e-18,592c92b98a8630b0c2d10e90de8f4dcb7f32661fbf60d78cbfc61d638f4ae1eb,ba041b8faaba63e945daf0f7d2b2c792211786b8820d382af82307fde16004af,no specialist trained on this view; descriptive only
helmholtz,fno,mixed_nine_views,line_sensors-orientation-both-p30__random_3pct-p20,line_sensors(orientation=both) 30 + random_3pct 20,0.11495328233276571,,0.11495328233276574,2.7755575615628914e-17,0a76a343f0c48b8d0b2ab92335f98c638174b83fd11988ef67394fd91af74d27,8f37ea4a58ca968506a9aabc053826f041345f1e99521643e5c891d73f641a79,no specialist trained on this view; descriptive only
helmholtz,deeponet,mixed_nine_views,random_3pct-p20,random_3pct 20,0.18311106716227848,,0.18311106716227843,5.551115123125783e-17,cedbc33846b39420b9e4ce468605f67085ad758821673627dc14e26c458b90d7,57000f4fb40dc235869cffb0f1467fad8b6d1f6f35473c2a6d10cf77e2c788d6,no specialist trained on this view; descriptive only
helmholtz,deeponet,mixed_nine_views,random_3pct-p35,random_3pct 35,0.06728446220684713,,0.06728446220684711,1.3877787807814457e-17,336c0bdf46525d9057cd0ace74bce24ceb36051e16c3f2565adc66272111124c,dffc47c406c458f63074b8b2bd6fc2c8a016f679774392bd11c074305e5a2fb4,no specialist trained on this view; descriptive only
helmholtz,deeponet,mixed_nine_views,line_sensors-orientation-both-p30__random_3pct-p20,line_sensors(orientation=both) 30 + random_3pct 20,0.15027718087160713,,0.1502771808716071,2.7755575615628914e-17,b669bed31555ccc6b288588b2bba68b2b18a15e7c386d414e3bab239ac3daaa2,593f67622f7b237a7022a1ca91707be19db61a35132fa0c8034375aca17c5309,no specialist trained on this view; descriptive only
heat,deeponet,mixed_nine_views,random_3pct-p20,random_3pct 20,0.232075653026489,,0.2320756530264889,1.1102230246251565e-16,b7dc6e5f3a1428b7e8ee90edc7461ed38e6308d113c5af674c85dd7847766451,1bb4de968b6b7adc3bac7514047659aed7bea1dd4a9227963d4d76a8e14ee539,no specialist trained on this view; descriptive only
heat,deeponet,mixed_nine_views,random_3pct-p35,random_3pct 35,0.13222529709296502,,0.13222529709296493,8.326672684688674e-17,7b8419d3a44c7f5637cf95595e2a7ccac4b90b7ff33fa63e5031e6c7c4da5dd7,4e999d488eb1c110802b6a2b6832c693fa0d3018ba7a1c3f0927ec8f1e8a5b07,no specialist trained on this view; descriptive only
heat,deeponet,mixed_nine_views,line_sensors-orientation-both-p30__random_3pct-p20,line_sensors(orientation=both) 30 + random_3pct 20,0.18917037873644588,,0.18917037873644588,0.0,62ffd9b7aa6f127b83a672cac7ff961737ab12a18972886a90466bebfb4d45a8,7ba2a73317a92eb27668ebee2fba68f61540d95f76e66875ed3fe47a901af012,no specialist trained on this view; descriptive only
poisson,ufno_2d,mixed_nine_views,random_3pct-p20,random_3pct 20,0.1529597298489738,,0.152959730272075,4.2310119297006565e-10,58ca939d81941f37a74be9fee57ab45034208d6ee941327f56391b3e38d70598,7be9987703d88fde69a9df0542e10589b7a9cbc2c59a2ba030ef65d64d04a855,no specialist trained on this view; descriptive only
poisson,ufno_2d,mixed_nine_views,random_3pct-p35,random_3pct 35,0.04465601764442795,,0.04465601791075557,2.6632761968015117e-10,2ae008ba238087f46844b64a74facfbb19a05a48930499d68e44c49c36d108b4,cb61c2b69f2bbbba97ba3a3117843570a7592b1f055c0ec0ec478f47be7a0048,no specialist trained on this view; descriptive only
poisson,ufno_2d,mixed_nine_views,line_sensors-orientation-both-p30__random_3pct-p20,line_sensors(orientation=both) 30 + random_3pct 20,0.124867805963918,,0.12486780617074066,2.0682265622351537e-10,c7e04e9d6b58338cad591f4ed1eaeb6b2fe742b96f6f648ca0abf61c40c2360c,6d54c8745bcb65ea31d7de63df5ca54a4d0dc537ff74a49e31708576cf708624,no specialist trained on this view; descriptive only
navier_stokes,ufno_2d,mixed_nine_views,random_3pct-p20,random_3pct 20,0.08389261787887124,,0.08389261787887124,0.0,3be8bfd30e59acda72a02e15bf3521899b27990b07a4ab08943202fefb5bc6f1,71b1c5d5b33db2e7ec8cb84facd743eca4fab7651b5a54caebd36c54815e589b,no specialist trained on this view; descriptive only
navier_stokes,ufno_2d,mixed_nine_views,random_3pct-p35,random_3pct 35,0.01736016784054741,,0.017360167840547402,6.938893903907228e-18,e3f82ccf95c0234caeff4b31ceb1730733a69c7da0f9f36938cd0af3a0fd13a8,37b75c502eac23c1b70f6abb715af1ef1ceda0d3ae43122f9c22a22bb5be8e44,no specialist trained on this view; descriptive only
navier_stokes,ufno_2d,mixed_nine_views,line_sensors-orientation-both-p30__random_3pct-p20,line_sensors(orientation=both) 30 + random_3pct 20,0.06269548662583475,,0.06269548662583478,2.7755575615628914e-17,6aeb0bc5851c4b949d70e3cf6f727b27af278a127e8f4f0eddd8f424ad0c36fb,18d96b8b061d0e7ce50e802aec0135aed74e76ef2796a28c98af90ac939a9222,no specialist trained on this view; descriptive only
