pde,split,regime,component,count
heat,train,low,block_missing-missing_fraction-0.49,61
heat,train,low,boundary_sensors-width-19,72
heat,train,low,clustered_sensors-ratio-0.5,65
heat,train,low,line_sensors-num_lines-64-orientation-horizontal,68
heat,train,low,line_sensors-num_lines-64-orientation-vertical,70
heat,train,low,line_sensors-num_lines-76-orientation-both,65
heat,train,low,random_3pct-ratio-0.5,64
heat,train,low,random_3pct-ratio-0.65,65
heat,train,low,random_3pct-ratio-0.8,70
heat,train,medium,block_missing-missing_fraction-0.49,67
heat,train,medium,boundary_sensors-width-19,70
heat,train,medium,clustered_sensors-ratio-0.5,67
heat,train,medium,line_sensors-num_lines-64-orientation-horizontal,63
heat,train,medium,line_sensors-num_lines-64-orientation-vertical,68
heat,train,medium,line_sensors-num_lines-76-orientation-both,64
heat,train,medium,random_3pct-ratio-0.5,67
heat,train,medium,random_3pct-ratio-0.65,63
heat,train,medium,random_3pct-ratio-0.8,71
heat,train,high,block_missing-missing_fraction-0.49,69
heat,train,high,boundary_sensors-width-19,64
heat,train,high,clustered_sensors-ratio-0.5,66
heat,train,high,line_sensors-num_lines-64-orientation-horizontal,67
heat,train,high,line_sensors-num_lines-64-orientation-vertical,66
heat,train,high,line_sensors-num_lines-76-orientation-both,68
heat,train,high,random_3pct-ratio-0.5,64
heat,train,high,random_3pct-ratio-0.65,73
heat,train,high,random_3pct-ratio-0.8,63
heat,test,low,block_missing-missing_fraction-0.49,13
heat,test,low,boundary_sensors-width-19,3
heat,test,low,clustered_sensors-ratio-0.5,9
heat,test,low,line_sensors-num_lines-64-orientation-horizontal,6
heat,test,low,line_sensors-num_lines-64-orientation-vertical,4
heat,test,low,line_sensors-num_lines-76-orientation-both,9
heat,test,low,random_3pct-ratio-0.5,10
heat,test,low,random_3pct-ratio-0.65,9
heat,test,low,random_3pct-ratio-0.8,4
heat,test,medium,block_missing-missing_fraction-0.49,7
heat,test,medium,boundary_sensors-width-19,4
heat,test,medium,clustered_sensors-ratio-0.5,7
heat,test,medium,line_sensors-num_lines-64-orientation-horizontal,11
heat,test,medium,line_sensors-num_lines-64-orientation-vertical,6
heat,test,medium,line_sensors-num_lines-76-orientation-both,11
heat,test,medium,random_3pct-ratio-0.5,7
heat,test,medium,random_3pct-ratio-0.65,11
heat,test,medium,random_3pct-ratio-0.8,3
heat,test,high,block_missing-missing_fraction-0.49,5
heat,test,high,boundary_sensors-width-19,10
heat,test,high,clustered_sensors-ratio-0.5,8
heat,test,high,line_sensors-num_lines-64-orientation-horizontal,7
heat,test,high,line_sensors-num_lines-64-orientation-vertical,8
heat,test,high,line_sensors-num_lines-76-orientation-both,6
heat,test,high,random_3pct-ratio-0.5,10
heat,test,high,random_3pct-ratio-0.65,1
heat,test,high,random_3pct-ratio-0.8,11
helmholtz,train,low,block_missing-missing_fraction-0.49,65
helmholtz,train,low,boundary_sensors-width-19,67
helmholtz,train,low,clustered_sensors-ratio-0.5,64
helmholtz,train,low,line_sensors-num_lines-64-orientation-horizontal,71
helmholtz,train,low,line_sensors-num_lines-64-orientation-vertical,66
helmholtz,train,low,line_sensors-num_lines-76-orientation-both,67
helmholtz,train,low,random_3pct-ratio-0.5,70
helmholtz,train,low,random_3pct-ratio-0.65,63
helmholtz,train,low,random_3pct-ratio-0.8,67
helmholtz,train,medium,block_missing-missing_fraction-0.49,67
helmholtz,train,medium,boundary_sensors-width-19,68
helmholtz,train,medium,clustered_sensors-ratio-0.5,64
helmholtz,train,medium,line_sensors-num_lines-64-orientation-horizontal,68
helmholtz,train,medium,line_sensors-num_lines-64-orientation-vertical,64
helmholtz,train,medium,line_sensors-num_lines-76-orientation-both,61
helmholtz,train,medium,random_3pct-ratio-0.5,68
helmholtz,train,medium,random_3pct-ratio-0.65,70
helmholtz,train,medium,random_3pct-ratio-0.8,70
helmholtz,train,high,block_missing-missing_fraction-0.49,70
helmholtz,train,high,boundary_sensors-width-19,68
helmholtz,train,high,clustered_sensors-ratio-0.5,65
helmholtz,train,high,line_sensors-num_lines-64-orientation-horizontal,68
helmholtz,train,high,line_sensors-num_lines-64-orientation-vertical,60
helmholtz,train,high,line_sensors-num_lines-76-orientation-both,67
helmholtz,train,high,random_3pct-ratio-0.5,67
helmholtz,train,high,random_3pct-ratio-0.65,64
helmholtz,train,high,random_3pct-ratio-0.8,71
helmholtz,test,low,block_missing-missing_fraction-0.49,9
helmholtz,test,low,boundary_sensors-width-19,7
helmholtz,test,low,clustered_sensors-ratio-0.5,10
helmholtz,test,low,line_sensors-num_lines-64-orientation-horizontal,3
helmholtz,test,low,line_sensors-num_lines-64-orientation-vertical,8
helmholtz,test,low,line_sensors-num_lines-76-orientation-both,7
helmholtz,test,low,random_3pct-ratio-0.5,4
helmholtz,test,low,random_3pct-ratio-0.65,11
helmholtz,test,low,random_3pct-ratio-0.8,8
helmholtz,test,medium,block_missing-missing_fraction-0.49,7
helmholtz,test,medium,boundary_sensors-width-19,6
helmholtz,test,medium,clustered_sensors-ratio-0.5,10
helmholtz,test,medium,line_sensors-num_lines-64-orientation-horizontal,6
helmholtz,test,medium,line_sensors-num_lines-64-orientation-vertical,10
helmholtz,test,medium,line_sensors-num_lines-76-orientation-both,13
helmholtz,test,medium,random_3pct-ratio-0.5,7
helmholtz,test,medium,random_3pct-ratio-0.65,4
helmholtz,test,medium,random_3pct-ratio-0.8,4
helmholtz,test,high,block_missing-missing_fraction-0.49,4
helmholtz,test,high,boundary_sensors-width-19,6
helmholtz,test,high,clustered_sensors-ratio-0.5,9
helmholtz,test,high,line_sensors-num_lines-64-orientation-horizontal,6
helmholtz,test,high,line_sensors-num_lines-64-orientation-vertical,14
helmholtz,test,high,line_sensors-num_lines-76-orientation-both,7
helmholtz,test,high,random_3pct-ratio-0.5,7
helmholtz,test,high,random_3pct-ratio-0.65,10
helmholtz,test,high,random_3pct-ratio-0.8,3
navier_stokes,train,low,block_missing-missing_fraction-0.49,70
navier_stokes,train,low,boundary_sensors-width-19,69
navier_stokes,train,low,clustered_sensors-ratio-0.5,70
navier_stokes,train,low,line_sensors-num_lines-64-orientation-horizontal,66
navier_stokes,train,low,line_sensors-num_lines-64-orientation-vertical,65
navier_stokes,train,low,line_sensors-num_lines-76-orientation-both,64
navier_stokes,train,low,random_3pct-ratio-0.5,63
navier_stokes,train,low,random_3pct-ratio-0.65,66
navier_stokes,train,low,random_3pct-ratio-0.8,67
navier_stokes,train,medium,block_missing-missing_fraction-0.49,61
navier_stokes,train,medium,boundary_sensors-width-19,65
navier_stokes,train,medium,clustered_sensors-ratio-0.5,69
navier_stokes,train,medium,line_sensors-num_lines-64-orientation-horizontal,66
navier_stokes,train,medium,line_sensors-num_lines-64-orientation-vertical,70
navier_stokes,train,medium,line_sensors-num_lines-76-orientation-both,67
navier_stokes,train,medium,random_3pct-ratio-0.5,69
navier_stokes,train,medium,random_3pct-ratio-0.65,69
navier_stokes,train,medium,random_3pct-ratio-0.8,64
navier_stokes,train,high,block_missing-missing_fraction-0.49,66
navier_stokes,train,high,boundary_sensors-width-19,70
navier_stokes,train,high,clustered_sensors-ratio-0.5,63
navier_stokes,train,high,line_sensors-num_lines-64-orientation-horizontal,66
navier_stokes,train,high,line_sensors-num_lines-64-orientation-vertical,64
navier_stokes,train,high,line_sensors-num_lines-76-orientation-both,69
navier_stokes,train,high,random_3pct-ratio-0.5,69
navier_stokes,train,high,random_3pct-ratio-0.65,65
navier_stokes,train,high,random_3pct-ratio-0.8,68
navier_stokes,test,low,block_missing-missing_fraction-0.49,5
navier_stokes,test,low,boundary_sensors-width-19,5
navier_stokes,test,low,clustered_sensors-ratio-0.5,4
navier_stokes,test,low,line_sensors-num_lines-64-orientation-horizontal,8
navier_stokes,test,low,line_sensors-num_lines-64-orientation-vertical,9
navier_stokes,test,low,line_sensors-num_lines-76-orientation-both,10
navier_stokes,test,low,random_3pct-ratio-0.5,11
navier_stokes,test,low,random_3pct-ratio-0.65,8
navier_stokes,test,low,random_3pct-ratio-0.8,7
navier_stokes,test,medium,block_missing-missing_fraction-0.49,13
navier_stokes,test,medium,boundary_sensors-width-19,9
navier_stokes,test,medium,clustered_sensors-ratio-0.5,6
navier_stokes,test,medium,line_sensors-num_lines-64-orientation-horizontal,8
navier_stokes,test,medium,line_sensors-num_lines-64-orientation-vertical,4
navier_stokes,test,medium,line_sensors-num_lines-76-orientation-both,7
navier_stokes,test,medium,random_3pct-ratio-0.5,5
navier_stokes,test,medium,random_3pct-ratio-0.65,5
navier_stokes,test,medium,random_3pct-ratio-0.8,10
navier_stokes,test,high,block_missing-missing_fraction-0.49,8
navier_stokes,test,high,boundary_sensors-width-19,4
navier_stokes,test,high,clustered_sensors-ratio-0.5,11
navier_stokes,test,high,line_sensors-num_lines-64-orientation-horizontal,8
navier_stokes,test,high,line_sensors-num_lines-64-orientation-vertical,10
navier_stokes,test,high,line_sensors-num_lines-76-orientation-both,5
navier_stokes,test,high,random_3pct-ratio-0.5,5
navier_stokes,test,high,random_3pct-ratio-0.65,9
navier_stokes,test,high,random_3pct-ratio-0.8,6
poisson,train,low,block_missing-missing_fraction-0.49,65
poisson,train,low,boundary_sensors-width-19,65
poisson,train,low,clustered_sensors-ratio-0.5,70
poisson,train,low,line_sensors-num_lines-64-orientation-horizontal,67
poisson,train,low,line_sensors-num_lines-64-orientation-vertical,66
poisson,train,low,line_sensors-num_lines-76-orientation-both,70
poisson,train,low,random_3pct-ratio-0.5,66
poisson,train,low,random_3pct-ratio-0.65,67
poisson,train,low,random_3pct-ratio-0.8,64
poisson,train,medium,block_missing-missing_fraction-0.49,61
poisson,train,medium,boundary_sensors-width-19,67
poisson,train,medium,clustered_sensors-ratio-0.5,72
poisson,train,medium,line_sensors-num_lines-64-orientation-horizontal,66
poisson,train,medium,line_sensors-num_lines-64-orientation-vertical,69
poisson,train,medium,line_sensors-num_lines-76-orientation-both,67
poisson,train,medium,random_3pct-ratio-0.5,67
poisson,train,medium,random_3pct-ratio-0.65,63
poisson,train,medium,random_3pct-ratio-0.8,68
poisson,train,high,block_missing-missing_fraction-0.49,69
poisson,train,high,boundary_sensors-width-19,63
poisson,train,high,clustered_sensors-ratio-0.5,65
poisson,train,high,line_sensors-num_lines-64-orientation-horizontal,69
poisson,train,high,line_sensors-num_lines-64-orientation-vertical,68
poisson,train,high,line_sensors-num_lines-76-orientation-both,68
poisson,train,high,random_3pct-ratio-0.5,69
poisson,train,high,random_3pct-ratio-0.65,67
poisson,train,high,random_3pct-ratio-0.8,62
poisson,test,low,block_missing-missing_fraction-0.49,9
poisson,test,low,boundary_sensors-width-19,9
poisson,test,low,clustered_sensors-ratio-0.5,4
poisson,test,low,line_sensors-num_lines-64-orientation-horizontal,7
poisson,test,low,line_sensors-num_lines-64-orientation-vertical,8
poisson,test,low,line_sensors-num_lines-76-orientation-both,4
poisson,test,low,random_3pct-ratio-0.5,9
poisson,test,low,random_3pct-ratio-0.65,7
poisson,test,low,random_3pct-ratio-0.8,10
poisson,test,medium,block_missing-missing_fraction-0.49,13
poisson,test,medium,boundary_sensors-width-19,7
poisson,test,medium,clustered_sensors-ratio-0.5,2
poisson,test,medium,line_sensors-num_lines-64-orientation-horizontal,8
poisson,test,medium,line_sensors-num_lines-64-orientation-vertical,5
poisson,test,medium,line_sensors-num_lines-76-orientation-both,8
poisson,test,medium,random_3pct-ratio-0.5,7
poisson,test,medium,random_3pct-ratio-0.65,11
poisson,test,medium,random_3pct-ratio-0.8,6
poisson,test,high,block_missing-missing_fraction-0.49,5
poisson,test,high,boundary_sensors-width-19,11
poisson,test,high,clustered_sensors-ratio-0.5,9
poisson,test,high,line_sensors-num_lines-64-orientation-horizontal,5
poisson,test,high,line_sensors-num_lines-64-orientation-vertical,6
poisson,test,high,line_sensors-num_lines-76-orientation-both,6
poisson,test,high,random_3pct-ratio-0.5,5
poisson,test,high,random_3pct-ratio-0.65,7
poisson,test,high,random_3pct-ratio-0.8,12
