pde,method,train_view,task,matched_relative_l2,training_cohort,actual_epochs,stop_reason,verification_status,attempt_identity
darcy,ufno_2d,random_50pct,recovery,0.17895919172188254,original500,500,,consistent,eval-6760efd58e5cb2d6
darcy,ufno_2d,random_65pct,recovery,0.12504777310703732,original500,500,,consistent,eval-c7a79e933611c5ea
darcy,ufno_2d,random_80pct,recovery,0.2144183885939303,original500,500,,consistent,eval-5a3d38cfe140484f
darcy,ufno_2d,block_observed_50pct,recovery,0.35667244517630686,original500,500,,consistent,eval-7804faacc09c9f32
darcy,ufno_2d,line_sensors_50pct,recovery,0.09230276086789038,original500,500,,consistent,eval-0e22b4346eaa7f3b
darcy,ufno_2d,horizontal_lines_50pct,recovery,0.3208742031826096,original500,500,,consistent,eval-b787fd79a545e80a
darcy,ufno_2d,vertical_lines_50pct,recovery,0.3566322008495421,original500,500,,consistent,eval-0b68ed3841bbe438
darcy,ufno_2d,boundary_band_50pct,recovery,0.35670431523421464,original500,500,,consistent,eval-2d2a16cf016ee9df
darcy,ufno_2d,clustered_50pct,recovery,0.2980594249140192,original500,500,,consistent,eval-2f4957ecf6067f7a
darcy,fno,random_50pct,recovery,0.020457553684596907,original500,500,,consistent,eval-b7678af66550bb44
darcy,fno,random_65pct,recovery,0.016830957806817294,original500,500,,consistent,eval-9340597e65eead27
darcy,fno,random_80pct,recovery,0.011715252167154428,original500,500,,consistent,eval-d20a37a5a183cb94
darcy,fno,block_observed_50pct,recovery,0.08095206756639277,original500,500,,consistent,eval-872cab8c451d2e63
darcy,fno,line_sensors_50pct,recovery,0.02563198020361745,original500,500,,consistent,eval-b4df981965134430
darcy,fno,horizontal_lines_50pct,recovery,0.02586659409441591,original500,500,,consistent,eval-7efee5a66d3f6e78
darcy,fno,vertical_lines_50pct,recovery,0.023131549056231687,original500,500,,consistent,eval-68f215c1ab21b285
darcy,fno,boundary_band_50pct,recovery,0.3531610891678487,original500,500,,consistent,eval-0ec69ce86acb8790
darcy,fno,clustered_50pct,recovery,0.14186994791994476,original500,500,,consistent,eval-be51756dff7dcefb
darcy,cno,random_50pct,recovery,0.008108616464384407,original500,500,,consistent,eval-f3c4fdb62f45b553
darcy,cno,random_65pct,recovery,0.006879684307903993,original500,500,,consistent,eval-94440dff088e939f
darcy,cno,random_80pct,recovery,0.007631780379777755,original500,500,,consistent,eval-48b58323fb65e771
darcy,cno,block_observed_50pct,recovery,0.14800576053133457,original500,500,,consistent,eval-ab850af866ed546a
darcy,cno,line_sensors_50pct,recovery,0.009933114796312328,original500,500,,consistent,eval-0143a6bdabb36a2d
darcy,cno,horizontal_lines_50pct,recovery,0.013170071935888532,original500,500,,consistent,eval-9a9b1e3ff944e0e4
darcy,cno,vertical_lines_50pct,recovery,0.015308101347481387,original500,500,,consistent,eval-a8f5078747e07ccf
darcy,cno,boundary_band_50pct,recovery,0.08340419294253573,original500,500,,consistent,eval-3be066171a69b3b3
darcy,cno,clustered_50pct,recovery,0.10784200044504681,original500,500,,consistent,eval-c120ab515dcca43f
darcy,deeponet,random_50pct,recovery,0.03908440604028265,original500,500,,consistent,eval-6db6a8bb94895259
darcy,deeponet,random_65pct,recovery,0.03192023725254886,original500,500,,consistent,eval-532530ae9144e210
darcy,deeponet,random_80pct,recovery,0.04091005773893415,original500,500,,consistent,eval-ea22651346d5cbc0
darcy,deeponet,block_observed_50pct,recovery,0.09965559565183613,original500,500,,consistent,eval-a5e22320db4e69a5
darcy,deeponet,line_sensors_50pct,recovery,0.043803045924540686,original500,500,,consistent,eval-85224b85adb0e851
darcy,deeponet,horizontal_lines_50pct,recovery,0.04267104465482745,original500,500,,consistent,eval-dae1ba95cdbfa679
darcy,deeponet,vertical_lines_50pct,recovery,0.05128633827014935,interrupted_or_recovered,290,,consistent,eval-0f50db1eaf3863f8
darcy,deeponet,boundary_band_50pct,recovery,0.04647859425769231,original500,500,,consistent,eval-a55459a04f00936f
darcy,deeponet,clustered_50pct,recovery,0.13774439522011594,original500,500,,consistent,eval-3dbcd0b3c0d19c4c
darcy,gnot,random_50pct,recovery,0.013240027851768851,original500,500,,consistent,eval-e30ec344a51f8556
darcy,gnot,random_65pct,recovery,0.01412920812741981,original500,500,,consistent,eval-8e75a300d26d4d01
darcy,gnot,random_80pct,recovery,0.024250986618081755,original500,500,,consistent,eval-fabcf2e560ff27a8
darcy,gnot,block_observed_50pct,recovery,0.10910787250182397,original500,500,,consistent,eval-3301b01469c58f14
darcy,gnot,line_sensors_50pct,recovery,0.01696970134313782,original500,500,,consistent,eval-0e2d3b68fe6edeef
darcy,gnot,horizontal_lines_50pct,recovery,0.08390065299283146,interrupted_or_recovered,185,,consistent,eval-c57c77004bc34da4
darcy,gnot,vertical_lines_50pct,recovery,0.04621615359368542,interrupted_or_recovered,182,,consistent,eval-1b1afad0dae0e284
darcy,gnot,boundary_band_50pct,recovery,0.09275074292012961,interrupted_or_recovered,185,,consistent,eval-fcfcf37c415220bf
darcy,gnot,clustered_50pct,recovery,0.09587889986559009,interrupted_or_recovered,184,,consistent,eval-8e6b1f506da60872
darcy,transolver,random_50pct,recovery,0.001916983548407597,original500,500,,consistent,eval-89409a6aa60b87c3
darcy,transolver,random_65pct,recovery,0.0008624556467520594,original500,500,,consistent,eval-1cba418bd2bdd52f
darcy,transolver,random_80pct,recovery,0.0016686667769073601,original500,500,,consistent,eval-143f09faa5c3733f
darcy,transolver,block_observed_50pct,recovery,0.07521269522368673,original500,500,,consistent,eval-0b3d744872e70ff7
darcy,transolver,line_sensors_50pct,recovery,0.00491878258988433,original500,500,,consistent,eval-b32a28f4e80b040d
darcy,transolver,horizontal_lines_50pct,recovery,0.002576986677863852,original500,500,,consistent,eval-cd0ceb09deea1e4b
darcy,transolver,vertical_lines_50pct,recovery,0.0057529866879680565,original500,500,,consistent,eval-a3d8ab30ca4ac48a
darcy,transolver,boundary_band_50pct,recovery,0.14595899561812803,budget200_min120,200,max_epochs_200,consistent,eval-95cd06581e1c491c
darcy,transolver,clustered_50pct,recovery,0.06059130051188319,original500,500,,consistent,eval-c6cda105daa14ba7
darcy,pino,random_50pct,recovery,0.019749208112389255,original500,500,,consistent,eval-3c0c086a1d8145a3
darcy,pino,random_65pct,recovery,0.01829098509540977,original500,500,,consistent,eval-8390c29985e9fc61
darcy,pino,random_80pct,recovery,0.01628308016392552,original500,500,,consistent,eval-5557c6d2f9e845b5
darcy,pino,block_observed_50pct,recovery,0.04027497176306544,original500,500,,consistent,eval-7cbce63965e07f0a
darcy,pino,line_sensors_50pct,recovery,0.022376301981239122,original500,500,,consistent,eval-f665b5969c99d0be
darcy,pino,horizontal_lines_50pct,recovery,0.016213444110840122,original500,500,,consistent,eval-41ed5a00055e31bb
darcy,pino,vertical_lines_50pct,recovery,0.018429132862101155,original500,500,,consistent,eval-fda2856729a2614f
darcy,pino,boundary_band_50pct,recovery,0.01622552696802549,original500,500,,consistent,eval-bcbfc86e38f6c874
darcy,pino,clustered_50pct,recovery,0.14132984390338807,original500,500,,consistent,eval-7d99256771c518d7
poisson,ufno_2d,random_50pct,recovery,0.18368405634891138,budget200_min120,130,train_data_patience_10,consistent,eval-2b6186f2d3a29d86
poisson,ufno_2d,random_65pct,recovery,0.3392153446665745,budget200_min120,151,train_data_patience_10,consistent,eval-a3dfc122e8036241
poisson,ufno_2d,random_80pct,recovery,0.055374785805543655,budget200_min120,163,train_data_patience_10,consistent,eval-b2e78d95333cc5b5
poisson,ufno_2d,block_observed_50pct,recovery,0.06780625490137154,budget200_min120,200,max_epochs_200,consistent,eval-59e76462d93c877d
poisson,ufno_2d,line_sensors_50pct,recovery,0.1647116112122299,budget200_min120,134,train_data_patience_10,consistent,eval-5b4c5ab4d1dc9347
poisson,ufno_2d,horizontal_lines_50pct,recovery,0.08151409234066315,budget200_min120,130,train_data_patience_10,consistent,eval-d751a382d09b0b44
poisson,ufno_2d,vertical_lines_50pct,recovery,0.05882955557417408,budget200_min120,137,train_data_patience_10,consistent,eval-01b5c9d8e4781d3d
poisson,ufno_2d,boundary_band_50pct,recovery,0.044163748534783685,budget200_min120,200,max_epochs_200,consistent,eval-bb29428f852f7ac0
poisson,ufno_2d,clustered_50pct,recovery,0.0531310100898186,budget200_min120,200,max_epochs_200,consistent,eval-15ae81038e7d2a1f
poisson,fno,random_50pct,recovery,0.011040579018476944,interrupted_or_recovered,433,,consistent,eval-288c3eb479b92bd0
poisson,fno,random_65pct,recovery,0.016838700463106718,original500,500,,consistent,eval-7f1e7015b05fa014
poisson,fno,random_80pct,recovery,0.009190952234691194,interrupted_or_recovered,461,,consistent,eval-2ad517311a34952d
poisson,fno,block_observed_50pct,recovery,0.1412381725820927,budget200_min120,130,train_data_patience_10,consistent,eval-7d55784823e1e136
poisson,fno,line_sensors_50pct,recovery,0.01199593234817433,interrupted_or_recovered,480,,consistent,eval-d83d51bdf664d7de
poisson,fno,horizontal_lines_50pct,recovery,0.018016432982599088,original500,500,,consistent,eval-fe83c0d69e01ef22
poisson,fno,vertical_lines_50pct,recovery,0.015655546492185198,original500,500,,consistent,eval-664734d403e3573e
poisson,fno,boundary_band_50pct,recovery,0.07348753099351735,budget200_min120,130,train_data_patience_10,consistent,eval-3c9445cd9143b2b6
poisson,fno,clustered_50pct,recovery,0.08230861006187372,interrupted_or_recovered,262,,consistent,eval-ae9e2290da2f5506
poisson,cno,random_50pct,recovery,0.01760942602080074,interrupted_or_recovered,275,,consistent,eval-bcf35379c4e1b076
poisson,cno,random_65pct,recovery,0.0051319883266057,original500,500,,consistent,eval-0b1321d34087088b
poisson,cno,random_80pct,recovery,0.005311059021960229,original500,500,,consistent,eval-6efdbd493cda9fd9
poisson,cno,block_observed_50pct,recovery,0.12122706238033688,original500,500,,consistent,eval-fe0030098c3e86df
poisson,cno,line_sensors_50pct,recovery,0.013888208789220315,original500,500,,consistent,eval-fd77f6e454edf696
poisson,cno,horizontal_lines_50pct,recovery,0.007055153672364062,original500,500,,consistent,eval-aac5365f80c0f1d5
poisson,cno,vertical_lines_50pct,recovery,0.005118338648469398,original500,500,,consistent,eval-8f97a9146d35efe7
poisson,cno,boundary_band_50pct,recovery,0.06379394590814617,original500,500,,consistent,eval-4b78b8dfb495dca3
poisson,cno,clustered_50pct,recovery,0.12463138763995246,original500,500,,consistent,eval-cbff39018ac0bb2c
poisson,deeponet,random_50pct,recovery,0.02291969830595415,original500,500,,consistent,eval-2042170455a5f5ef
poisson,deeponet,random_65pct,recovery,0.0202762715600781,original500,500,,consistent,eval-2f60b23a421ef841
poisson,deeponet,random_80pct,recovery,0.018764340439072505,original500,500,,consistent,eval-c9f3fdabfac4ead9
poisson,deeponet,block_observed_50pct,recovery,0.1275495386791967,original500,500,,consistent,eval-6f11ef370d775b94
poisson,deeponet,line_sensors_50pct,recovery,0.02724982926222307,original500,500,,consistent,eval-6cc3cd7ea790e7ab
poisson,deeponet,horizontal_lines_50pct,recovery,0.025574310756832627,original500,500,,consistent,eval-99cd3b64b6b09875
poisson,deeponet,vertical_lines_50pct,recovery,0.02680438823629313,original500,500,,consistent,eval-deb8f77b299d87d1
poisson,deeponet,boundary_band_50pct,recovery,0.03706658875559508,original500,500,,consistent,eval-f0715341153275aa
poisson,deeponet,clustered_50pct,recovery,0.22720106685427002,interrupted_or_recovered,66,,consistent,eval-cc72f1552b9e09f6
poisson,gnot,random_50pct,recovery,0.007139146845064518,original500,500,,consistent,eval-38795aaec41d3b6c
poisson,gnot,random_65pct,recovery,0.011680929111539869,budget200_min120,200,max_epochs_200,consistent,eval-b1db43d745215506
poisson,gnot,random_80pct,recovery,0.06835779470502479,interrupted_or_recovered,135,,consistent,eval-a29c0550d57a9ed5
poisson,gnot,block_observed_50pct,recovery,0.2864773094957823,budget200_min120,200,max_epochs_200,consistent,eval-1d922767a65d73b7
poisson,gnot,line_sensors_50pct,recovery,0.010846739780981171,original500,500,,consistent,eval-6005e07ed5424bad
poisson,gnot,horizontal_lines_50pct,recovery,0.007399999534644867,original500,500,,consistent,eval-ee6c0023dbab104f
poisson,gnot,vertical_lines_50pct,recovery,0.011075351746139979,budget200_patience10_no_floor,200,max_epochs_200,consistent,eval-4f4dd71eb4bbb416
poisson,gnot,boundary_band_50pct,recovery,0.07352622713876628,budget200_min120,200,max_epochs_200,consistent,eval-aca2b8ab8369278a
poisson,gnot,clustered_50pct,recovery,0.03689583810541344,original500,500,,consistent,eval-f94318c8d7835260
poisson,transolver,random_50pct,recovery,0.0010705922508548878,original500,500,,consistent,eval-4696c89c8082fdd0
poisson,transolver,random_65pct,recovery,0.0012590083047963917,original500,500,,consistent,eval-5e4bb8b1d5032d01
poisson,transolver,random_80pct,recovery,0.0005839734805643648,original500,500,,consistent,eval-434c1ef06a01e9de
poisson,transolver,block_observed_50pct,recovery,0.152629304759215,original500,500,,consistent,eval-0e2c4aa91586ad30
poisson,transolver,line_sensors_50pct,recovery,0.04942575514560496,interrupted_or_recovered,191,,consistent,eval-07d03d152798f630
poisson,transolver,horizontal_lines_50pct,recovery,0.004921160990601485,original500,500,,consistent,eval-b5fd0b42a5bb4be4
poisson,transolver,vertical_lines_50pct,recovery,0.06337649042220464,interrupted_or_recovered,189,,consistent,eval-f61be99347b2de8a
poisson,transolver,boundary_band_50pct,recovery,0.043269243508874865,original500,500,,consistent,eval-de798524eca38926
poisson,transolver,clustered_50pct,recovery,0.06513123232661089,original500,500,,consistent,eval-5efda6bc8de50849
poisson,pino,random_50pct,recovery,0.038302992017373014,original500,500,,consistent,eval-a8cabfebcb5523e0
poisson,pino,random_65pct,recovery,0.030135902031626506,original500,500,,consistent,eval-30ff394de7d60f74
poisson,pino,random_80pct,recovery,0.014920224068657726,original500,500,,consistent,eval-b7008abcac0c32e6
poisson,pino,block_observed_50pct,recovery,0.06523240930934587,original500,500,,consistent,eval-f2b6c5eb0301f32f
poisson,pino,line_sensors_50pct,recovery,0.034279408554645646,original500,500,,consistent,eval-4b23e03acf6ffa28
poisson,pino,horizontal_lines_50pct,recovery,0.014242748572267195,original500,500,,consistent,eval-354080142ddb670b
poisson,pino,vertical_lines_50pct,recovery,0.017394087013493948,original500,500,,consistent,eval-e8130b0c01dea0d6
poisson,pino,boundary_band_50pct,recovery,0.018813744836103215,original500,500,,consistent,eval-35cf3c3ae26a7238
poisson,pino,clustered_50pct,recovery,0.12844556096062187,budget200_min120,130,train_data_patience_10,consistent,eval-7315faabdeb2f0ee
helmholtz,ufno_2d,random_50pct,recovery,1.0732326347846357,budget200_min120,132,train_data_patience_10,consistent,eval-83027d22224b687f
helmholtz,ufno_2d,random_65pct,recovery,0.13622070890719828,budget200_min120,155,train_data_patience_10,consistent,eval-5695f3a40e17a3f0
helmholtz,ufno_2d,random_80pct,recovery,0.02848961355617125,original500,500,,consistent,eval-b95a9d54743bb28a
helmholtz,ufno_2d,block_observed_50pct,recovery,0.06288164365614551,budget200_min120,200,max_epochs_200,consistent,eval-7c25ace8d36f6e01
helmholtz,ufno_2d,line_sensors_50pct,recovery,0.03468254077570544,budget200_min120,134,train_data_patience_10,consistent,eval-a21f775a51b5c8b1
helmholtz,ufno_2d,horizontal_lines_50pct,recovery,0.016858501597617082,budget200_min120,133,train_data_patience_10,consistent,eval-2d2396c5e143acf7
helmholtz,ufno_2d,vertical_lines_50pct,recovery,0.02514578052455003,budget200_min120,135,train_data_patience_10,consistent,eval-8f55c91ee51b15a7
helmholtz,ufno_2d,boundary_band_50pct,recovery,0.03991236123709891,budget200_min120,200,max_epochs_200,consistent,eval-9aa224e9c8de0617
helmholtz,ufno_2d,clustered_50pct,recovery,0.07175750227415792,budget200_min120,138,train_data_patience_10,consistent,eval-3304d5ff1f1c3635
helmholtz,fno,random_50pct,recovery,0.008588103420163713,original500,500,,consistent,eval-21a262fd499d569b
helmholtz,fno,random_65pct,recovery,0.005197345855732837,original500,500,,consistent,eval-1f24bcbe3665a902
helmholtz,fno,random_80pct,recovery,0.011976765036184283,original500,500,,consistent,eval-7aceb2718a9931ec
helmholtz,fno,block_observed_50pct,recovery,0.056377144941685095,original500,500,,consistent,eval-c6a3a581d0da7146
helmholtz,fno,line_sensors_50pct,recovery,0.015613277215757304,original500,500,,consistent,eval-aa502d0e17777770
helmholtz,fno,horizontal_lines_50pct,recovery,0.012432208652604408,original500,500,,consistent,eval-ef5265e8f290d5d7
helmholtz,fno,vertical_lines_50pct,recovery,0.011576614079783516,original500,500,,consistent,eval-c413c006ee5a8c2f
helmholtz,fno,boundary_band_50pct,recovery,0.025457218997009666,original500,500,,consistent,eval-5c3f3d0d7534250c
helmholtz,fno,clustered_50pct,recovery,0.043150691637258376,original500,500,,consistent,eval-c1f9406d5c72b65c
helmholtz,cno,random_50pct,recovery,0.0043281871178657725,original500,500,,consistent,eval-e58818e479593507
helmholtz,cno,random_65pct,recovery,0.00462393958604177,original500,500,,consistent,eval-44453258d8ead3fe
helmholtz,cno,random_80pct,recovery,0.007866736603798791,original500,500,,consistent,eval-b056a5eb3b5d0591
helmholtz,cno,block_observed_50pct,recovery,0.089533900013366,original500,500,,consistent,eval-9cefd9f276237f22
helmholtz,cno,line_sensors_50pct,recovery,0.006558842444791686,original500,500,,consistent,eval-f40ee2378e94b3d5
helmholtz,cno,horizontal_lines_50pct,recovery,0.005036415558181288,original500,500,,consistent,eval-d3bbbd585e09693f
helmholtz,cno,vertical_lines_50pct,recovery,0.00923599812155064,original500,500,,consistent,eval-bdd3f49d30eee905
helmholtz,cno,boundary_band_50pct,recovery,0.04537805731643962,original500,500,,consistent,eval-191833515943b527
helmholtz,cno,clustered_50pct,recovery,0.09069536573914584,original500,500,,consistent,eval-db0cd2c71b0ede2c
helmholtz,deeponet,random_50pct,recovery,0.019296810017442566,original500,500,,consistent,eval-8b2a1a676f62c64f
helmholtz,deeponet,random_65pct,recovery,0.019197040042352082,original500,500,,consistent,eval-96bc6c086d788a92
helmholtz,deeponet,random_80pct,recovery,0.016964829354587242,original500,500,,consistent,eval-28b4d078c79b6b55
helmholtz,deeponet,block_observed_50pct,recovery,0.09523207294330664,original500,500,,consistent,eval-5b2e58bad245ff01
helmholtz,deeponet,line_sensors_50pct,recovery,0.025958735276808333,original500,500,,consistent,eval-cc33e05541dc17e1
helmholtz,deeponet,horizontal_lines_50pct,recovery,0.024203899707895927,original500,500,,consistent,eval-9c0a68ecacd44cad
helmholtz,deeponet,vertical_lines_50pct,recovery,0.023997959349613435,original500,500,,consistent,eval-bd42fd0ffc8b7c2f
helmholtz,deeponet,boundary_band_50pct,recovery,0.07010405732325538,original500,500,,consistent,eval-acb1967585c890d3
helmholtz,deeponet,clustered_50pct,recovery,0.15607051238892733,original500,500,,consistent,eval-db896f2d0211ef13
helmholtz,gnot,random_50pct,recovery,0.005615841083914202,original500,500,,consistent,eval-59ad8f1367c0d56c
helmholtz,gnot,random_65pct,recovery,0.01039538307656556,budget200_patience10_no_floor,200,max_epochs_200,consistent,eval-6a6e954fb98cc0e8
helmholtz,gnot,random_80pct,recovery,0.008407560157495721,original500,500,,consistent,eval-dd3a244c5d2a5630
helmholtz,gnot,block_observed_50pct,recovery,0.19703532669617568,budget200_min120,200,max_epochs_200,consistent,eval-9ec15ed8532eaf31
helmholtz,gnot,line_sensors_50pct,recovery,0.1443158291749743,budget200_patience10_no_floor,45,,consistent,eval-0513199cac932a1a
helmholtz,gnot,horizontal_lines_50pct,recovery,0.00886252410530456,original500,500,,consistent,eval-0a7b3618f58d8ef9
helmholtz,gnot,vertical_lines_50pct,recovery,0.00656651038175796,original500,500,,consistent,eval-fdb4df8ea9d4c884
helmholtz,gnot,boundary_band_50pct,recovery,0.055966994326907535,original500,500,,consistent,eval-5e4aa0c428c3a4ff
helmholtz,gnot,clustered_50pct,recovery,0.027723849538993206,original500,500,,consistent,eval-c301d2faa3cfcf37
helmholtz,transolver,random_50pct,recovery,0.0013408297683778858,original500,500,,consistent,eval-c3b2c7713baa1708
helmholtz,transolver,random_65pct,recovery,0.0010623415322757986,original500,500,,consistent,eval-02bcc0f9aec081b9
helmholtz,transolver,random_80pct,recovery,0.0006893211051273435,original500,500,,consistent,eval-33fa6f794d277185
helmholtz,transolver,block_observed_50pct,recovery,0.06507442749784537,original500,500,,consistent,eval-3bb760d47df9d477
helmholtz,transolver,line_sensors_50pct,recovery,0.004847337731589907,original500,500,,consistent,eval-2d7a2f26b4995774
helmholtz,transolver,horizontal_lines_50pct,recovery,0.0036958590111151064,original500,500,,consistent,eval-04d5b40e52cff4a3
helmholtz,transolver,vertical_lines_50pct,recovery,0.0030319468497912306,original500,500,,consistent,eval-b8890c1a9c3a6f87
helmholtz,transolver,boundary_band_50pct,recovery,0.02739678455693895,original500,500,,consistent,eval-5d317072bff08355
helmholtz,transolver,clustered_50pct,recovery,0.05278003895097084,original500,500,,consistent,eval-95aa741690a149f2
helmholtz,pino,random_50pct,recovery,0.03658350083316621,original500,500,,consistent,eval-570e7e4ffaee00e4
helmholtz,pino,random_65pct,recovery,0.029620902328722765,original500,500,,consistent,eval-f58810b3df6ad199
helmholtz,pino,random_80pct,recovery,0.024858113692839794,original500,500,,consistent,eval-cbdf9099e9105b85
helmholtz,pino,block_observed_50pct,recovery,0.07864160033665207,original500,500,,consistent,eval-f3ed91e5288a8d2c
helmholtz,pino,line_sensors_50pct,recovery,0.03775476217048132,original500,500,,consistent,eval-4a86cee908a9f4cd
helmholtz,pino,horizontal_lines_50pct,recovery,0.01845878648778021,original500,500,,consistent,eval-8d09bb2b352eb724
helmholtz,pino,vertical_lines_50pct,recovery,0.01911605201611747,original500,500,,consistent,eval-c5ab2acf74054a9f
helmholtz,pino,boundary_band_50pct,recovery,0.016093469929865517,original500,500,,consistent,eval-9106ddfb6faf946c
helmholtz,pino,clustered_50pct,recovery,0.10501432869404813,original500,500,,consistent,eval-f119608cadf3cd24
heat,ufno_2d,random_50pct,rollout,0.36074379485063096,original500_recovered,500,,consistent,eval-3fdf4884f6d6d8fa
heat,ufno_2d,random_65pct,rollout,0.08594711685673186,original500_recovered,500,,consistent,eval-e74cb90ea73e6f0d
heat,ufno_2d,random_80pct,rollout,0.06281101824936114,original500_recovered,500,,consistent,eval-9dcbf56e481896e1
heat,ufno_2d,block_observed_50pct,rollout,0.11181301914212936,original500,500,,consistent,eval-0ab842fae074e2e5
heat,ufno_2d,line_sensors_50pct,rollout,0.22123749794486014,original500_recovered,500,,consistent,eval-54d0c8ce24f59a19
heat,ufno_2d,horizontal_lines_50pct,rollout,0.35118254368609597,original500_recovered,500,,consistent,eval-9763e65f8705c3bd
heat,ufno_2d,vertical_lines_50pct,rollout,0.0731967772161235,original500_recovered,500,,consistent,eval-6a761c86d274acb3
heat,ufno_2d,boundary_band_50pct,rollout,0.09269137013327992,original500_recovered,500,,consistent,eval-46aa206e9ca7ac8d
heat,ufno_2d,clustered_50pct,rollout,0.15126012749443907,original500_recovered,500,,consistent,eval-f336d9b2e15bcf41
heat,fno,random_50pct,rollout,0.049348559535053974,original500,500,,consistent,eval-b24f614e4afb750a
heat,fno,random_65pct,rollout,0.04902845641900721,original500,500,,consistent,eval-c4ce9943e07efabf
heat,fno,random_80pct,rollout,0.04905028927042012,original500,500,,consistent,eval-15237fc4b3dbb3af
heat,fno,block_observed_50pct,rollout,0.061140974187640425,original500,500,,consistent,eval-7b4242d91dd6d524
heat,fno,line_sensors_50pct,rollout,0.051086984685175724,interrupted_or_recovered,500,,consistent,eval-e6fd1b22623247e6
heat,fno,horizontal_lines_50pct,rollout,0.04940099410823261,original500,500,,consistent,eval-822215b3074186e4
heat,fno,vertical_lines_50pct,rollout,0.05270651222555336,original500,500,,consistent,eval-5ef75acbd8b783c8
heat,fno,boundary_band_50pct,rollout,0.06104925489818308,original500,500,,consistent,eval-d61ddcd7a4da232b
heat,fno,clustered_50pct,rollout,0.06733066593905411,original500,500,,consistent,eval-fa7e6ef2f6369567
heat,cno,random_50pct,rollout,0.058104350274687855,original500,500,,consistent,eval-7f3fef9c96d94366
heat,cno,random_65pct,rollout,0.05148296145435816,original500,500,,consistent,eval-18152dafdef81358
heat,cno,random_80pct,rollout,0.054906540704816716,original500,500,,consistent,eval-9010bcd4fe32fdea
heat,cno,block_observed_50pct,rollout,0.09717783280739424,original500,500,,consistent,eval-bd83e0808d5f7594
heat,cno,line_sensors_50pct,rollout,0.05457163639999291,original500,500,,consistent,eval-0239c77efcba964c
heat,cno,horizontal_lines_50pct,rollout,0.050704154905690205,original500,500,,consistent,eval-4223e11ab92e1f39
heat,cno,vertical_lines_50pct,rollout,0.05912769042892338,original500,500,,consistent,eval-3f7e8417b2880ef4
heat,cno,boundary_band_50pct,rollout,0.07770883985443439,original500,500,,consistent,eval-c83dd27811f505be
heat,cno,clustered_50pct,rollout,0.11923139440737848,original500,500,,consistent,eval-7c7e7f4258239214
heat,deeponet,random_50pct,rollout,0.08275912680942202,original500,500,,consistent,eval-3c7a7aa3599c08b6
heat,deeponet,random_65pct,rollout,0.07953223418074072,original500_recovered,500,,consistent,eval-6879638952e7a0fd
heat,deeponet,random_80pct,rollout,0.07826790028658293,original500,500,,consistent,eval-e483b05a90559822
heat,deeponet,block_observed_50pct,rollout,0.1116521270643465,original500_recovered,500,,consistent,eval-ebd1aa6ad1acbde1
heat,deeponet,line_sensors_50pct,rollout,0.08380277099478961,original500,500,,consistent,eval-6e99a588017baecc
heat,deeponet,horizontal_lines_50pct,rollout,0.09001928854272254,original500,500,,consistent,eval-f1cec5ff3523d99a
heat,deeponet,vertical_lines_50pct,rollout,0.088324100822979,original500,500,,consistent,eval-4bd9eb48b1209b25
heat,deeponet,boundary_band_50pct,rollout,0.07492167253991538,original500_recovered,500,,consistent,eval-6649a90d53a48f0b
heat,deeponet,clustered_50pct,rollout,0.19502829670794608,original500_recovered,500,,consistent,eval-110c2bff4e97a7fd
heat,gnot,random_50pct,rollout,0.07363222378189846,budget200_patience10_no_floor,200,max_epochs_200,consistent,eval-bcab808ebf8e1eca
heat,gnot,random_65pct,rollout,0.09609842661900445,budget200_patience10_no_floor,200,max_epochs_200,consistent,eval-ea1f3557925bd191
heat,gnot,random_80pct,rollout,0.09306252350918257,fixed200_recovered,200,,consistent,eval-540624c551db5f7f
heat,gnot,block_observed_50pct,rollout,0.10236908684192407,fixed200_recovered,200,,consistent,eval-91418b82a8483c25
heat,gnot,line_sensors_50pct,rollout,0.10847562899243117,fixed200_recovered,200,,consistent,eval-624eaeaf83bd18f6
heat,gnot,horizontal_lines_50pct,rollout,0.09544879724527786,fixed200_recovered,200,,consistent,eval-2f18ee001b94f7c6
heat,gnot,vertical_lines_50pct,rollout,0.08981594135790573,fixed200_recovered,200,,consistent,eval-60aa6732bc8ed28e
heat,gnot,boundary_band_50pct,rollout,0.07939832633409956,fixed200_recovered,200,,consistent,eval-94913a9813172316
heat,gnot,clustered_50pct,rollout,0.1299325010542586,fixed200_recovered,200,,consistent,eval-a3634a52f4cea7bd
heat,transolver,random_50pct,rollout,0.054403792797344266,interrupted_or_recovered,257,,consistent,eval-a34dc353c5f48deb
heat,transolver,random_65pct,rollout,0.05695667248851599,budget200_min120,157,train_data_patience_10,consistent,eval-7ae8aa25f5acb47d
heat,transolver,random_80pct,rollout,0.06968562207804412,budget200_min120,133,train_data_patience_10,consistent,eval-5c53d9f598b186d3
heat,transolver,block_observed_50pct,rollout,0.0837027692773192,budget200_min120,200,max_epochs_200,consistent,eval-6ec83ea65681927f
heat,transolver,line_sensors_50pct,rollout,0.06276147368812268,original500,500,,consistent,eval-e755b10dbf8b30cb
heat,transolver,horizontal_lines_50pct,rollout,0.06720573360539125,original500,500,,consistent,eval-2093a94da2122482
heat,transolver,vertical_lines_50pct,rollout,0.07436512010526602,interrupted_or_recovered,124,,consistent,eval-b2505c52fe931e57
heat,transolver,boundary_band_50pct,rollout,0.06608443999468165,original500,500,,consistent,eval-4b8b74abdfd18d5d
heat,transolver,clustered_50pct,rollout,0.34946717213467055,budget200_min120,130,train_data_patience_10,consistent,eval-aeda74d3499f9393
heat,pino,random_50pct,rollout,0.06131424471138953,original500,500,,consistent,eval-72ae1a97cc0815b6
heat,pino,random_65pct,rollout,0.05299645843309495,original500,500,,consistent,eval-9aba512d925c407f
heat,pino,random_80pct,rollout,0.05486527606067046,original500,500,,consistent,eval-5d95f0e03814f9e3
heat,pino,block_observed_50pct,rollout,0.06915643188507795,original500,500,,consistent,eval-72ed1ba5ed931071
heat,pino,line_sensors_50pct,rollout,0.05627784056233587,original500_recovered,500,,consistent,eval-fafdd848620b01ad
heat,pino,horizontal_lines_50pct,rollout,0.053840724614694364,original500_recovered,500,,consistent,eval-35f86b04960fb3bb
heat,pino,vertical_lines_50pct,rollout,0.06151128374652035,original500,500,,consistent,eval-74e0eb58e586d058
heat,pino,boundary_band_50pct,rollout,0.06507959457186559,original500_recovered,500,,consistent,eval-0c8032d9e60d4a54
heat,pino,clustered_50pct,rollout,0.07904867919524632,original500,500,,consistent,eval-2f9e438894cd9208
reaction_diffusion,ufno_2d,random_50pct,rollout,0.15932985510585157,original500,500,,consistent,eval-6eceb3b2ab7b68c7
reaction_diffusion,ufno_2d,random_65pct,rollout,0.09451929386343615,original500,500,,consistent,eval-e868828bb5e5d02f
reaction_diffusion,ufno_2d,random_80pct,rollout,0.07815475699685485,original500,500,,consistent,eval-5a51c119f7b68965
reaction_diffusion,ufno_2d,block_observed_50pct,rollout,0.24616473817636467,original500_recovered,500,,consistent,eval-dfb8f4762ca7c128
reaction_diffusion,ufno_2d,line_sensors_50pct,rollout,0.07061250511153826,original500_recovered,500,,consistent,eval-2d5790025e45132a
reaction_diffusion,ufno_2d,horizontal_lines_50pct,rollout,0.08716125805444225,original500_recovered,500,,consistent,eval-b8a6cef0bc6ae6cf
reaction_diffusion,ufno_2d,vertical_lines_50pct,rollout,0.1124680137805017,original500_recovered,500,,consistent,eval-cc61bfbdfa5de09d
reaction_diffusion,ufno_2d,boundary_band_50pct,rollout,0.22373831281934023,original500_recovered,500,,consistent,eval-58adec16f69d5358
reaction_diffusion,ufno_2d,clustered_50pct,rollout,0.1808942282924716,original500_recovered,500,,consistent,eval-a16bd222961afd9a
reaction_diffusion,fno,random_50pct,rollout,0.05458972143181264,original500,500,,consistent,eval-1aae71c17a2dce59
reaction_diffusion,fno,random_65pct,rollout,0.05391750716768841,original500,500,,consistent,eval-a6a57daf0a7399ec
reaction_diffusion,fno,random_80pct,rollout,0.05380829861766795,original500,500,,consistent,eval-80f017f7f38fd423
reaction_diffusion,fno,block_observed_50pct,rollout,0.07460309701691673,original500,500,,consistent,eval-6b39551615f00a7c
reaction_diffusion,fno,line_sensors_50pct,rollout,0.05425696918681537,original500,500,,consistent,eval-ff5ec88dbd4025aa
reaction_diffusion,fno,horizontal_lines_50pct,rollout,0.05447411086495934,original500,500,,consistent,eval-5c4a3bbe4b8cf679
reaction_diffusion,fno,vertical_lines_50pct,rollout,0.054566354658431945,original500,500,,consistent,eval-ac4ed1dd3173b4bd
reaction_diffusion,fno,boundary_band_50pct,rollout,0.058489169029865014,original500,500,,consistent,eval-e2854e907e866d57
reaction_diffusion,fno,clustered_50pct,rollout,0.0761746871380978,interrupted_or_recovered,469,,consistent,eval-ad6a68b252c718df
reaction_diffusion,cno,random_50pct,rollout,0.05470245318445812,original500,500,,consistent,eval-5a67990b598318b1
reaction_diffusion,cno,random_65pct,rollout,0.054422861973773724,original500,500,,consistent,eval-bbb19a755ed38fd5
reaction_diffusion,cno,random_80pct,rollout,0.05457423197177855,original500,500,,consistent,eval-85a54718533b8621
reaction_diffusion,cno,block_observed_50pct,rollout,0.09755608861280013,original500,500,,consistent,eval-233481f1a9ee794b
reaction_diffusion,cno,line_sensors_50pct,rollout,0.05546473552253586,original500,500,,consistent,eval-9f8ed676f4abf3ae
reaction_diffusion,cno,horizontal_lines_50pct,rollout,0.05996108240266163,original500,500,,consistent,eval-998b035565635828
reaction_diffusion,cno,vertical_lines_50pct,rollout,0.05612918125766088,original500,500,,consistent,eval-0ea17d54ffec4170
reaction_diffusion,cno,boundary_band_50pct,rollout,0.0831440514210713,original500,500,,consistent,eval-f55a1b875d680915
reaction_diffusion,cno,clustered_50pct,rollout,0.11321673990321872,original500,500,,consistent,eval-4f63bbd2925a134f
reaction_diffusion,deeponet,random_50pct,rollout,0.10079962050108225,original500,500,,consistent,eval-a328314122d5404e
reaction_diffusion,deeponet,random_65pct,rollout,0.09419978913820923,interrupted_or_recovered,251,,consistent,eval-81ee15f5991280f7
reaction_diffusion,deeponet,random_80pct,rollout,0.08851014310523382,original500,500,,consistent,eval-39b393c10715fdd1
reaction_diffusion,deeponet,block_observed_50pct,rollout,0.11890113551030067,original500,500,,consistent,eval-c6d848684221554d
reaction_diffusion,deeponet,line_sensors_50pct,rollout,0.10236003558461004,original500,500,,consistent,eval-c0e8a51988b1d322
reaction_diffusion,deeponet,horizontal_lines_50pct,rollout,0.10025665170317617,original500,500,,consistent,eval-37f73007a4807182
reaction_diffusion,deeponet,vertical_lines_50pct,rollout,0.1073706712348443,original500,500,,consistent,eval-586e2be48761486d
reaction_diffusion,deeponet,boundary_band_50pct,rollout,0.08189064798527783,original500,500,,consistent,eval-434ddbb38e9f93c3
reaction_diffusion,deeponet,clustered_50pct,rollout,0.19748140810309298,original500,500,,consistent,eval-e94064476fa4d3ab
reaction_diffusion,gnot,random_50pct,rollout,0.08930766899093187,budget200_patience10_no_floor,200,max_epochs_200,consistent,eval-f169cd704296f771
reaction_diffusion,gnot,random_65pct,rollout,0.08180423894552004,fixed200_recovered,200,,consistent,eval-f722a6ef25dece77
reaction_diffusion,gnot,random_80pct,rollout,0.0936267887741876,fixed200_recovered,200,,consistent,eval-fec8ca9b09e34294
reaction_diffusion,gnot,block_observed_50pct,rollout,0.11094601844388974,fixed200_recovered,200,,consistent,eval-842f9f59ae9ed8a3
reaction_diffusion,gnot,line_sensors_50pct,rollout,0.0808683917097868,fixed200_recovered,200,,consistent,eval-4638f46b9fad4961
reaction_diffusion,gnot,horizontal_lines_50pct,rollout,0.10516769504628508,fixed200_recovered,200,,consistent,eval-651b4da4a555ff42
reaction_diffusion,gnot,vertical_lines_50pct,rollout,0.09658327815645568,fixed200_recovered,200,,consistent,eval-5f13cc9ddea07b5e
reaction_diffusion,gnot,boundary_band_50pct,rollout,0.10887903089615593,fixed200_recovered,200,,consistent,eval-7c521b7b9538cf4e
reaction_diffusion,gnot,clustered_50pct,rollout,0.22044663490231414,fixed200_recovered,200,,consistent,eval-7d1798c276044c99
reaction_diffusion,transolver,random_50pct,rollout,0.07373736342037385,budget200_patience10_no_floor,200,max_epochs_200,consistent,eval-4009e75aa3325134
reaction_diffusion,transolver,random_65pct,rollout,0.060748211333177676,fixed200_recovered,200,,consistent,eval-79c6343b6d281563
reaction_diffusion,transolver,random_80pct,rollout,0.0718530156230933,fixed200_recovered,200,,consistent,eval-406c9efa0f66f671
reaction_diffusion,transolver,block_observed_50pct,rollout,0.17255003974753638,interrupted_or_recovered,35,,consistent,eval-a0668628008a7851
reaction_diffusion,transolver,line_sensors_50pct,rollout,0.9697509752204097,interrupted_or_recovered,47,,consistent,eval-11739bf7ce968c3a
reaction_diffusion,transolver,horizontal_lines_50pct,rollout,0.07139373810135333,budget200_min120,200,max_epochs_200,consistent,eval-e5050ad93b957d69
reaction_diffusion,transolver,vertical_lines_50pct,rollout,0.11390463873762421,fixed200_recovered,200,,consistent,eval-a06cf8117c765b81
reaction_diffusion,transolver,boundary_band_50pct,rollout,0.09051949585332729,fixed200_recovered,200,,consistent,eval-ef6f1c32876ec518
reaction_diffusion,transolver,clustered_50pct,rollout,0.18207691214040736,budget200_min120,200,max_epochs_200,consistent,eval-43eb432c53e2fa1b
reaction_diffusion,pino,random_50pct,rollout,0.059342158186696504,original500,500,,consistent,eval-2eb86283893df3d5
reaction_diffusion,pino,random_65pct,rollout,0.06417495329861705,interrupted_or_recovered,392,,consistent,eval-61a9c55ddbf3f14b
reaction_diffusion,pino,random_80pct,rollout,0.058519898346442806,interrupted_or_recovered,391,,consistent,eval-4b2e60371cb61ea9
reaction_diffusion,pino,block_observed_50pct,rollout,0.06965613557844345,original500_recovered,500,,consistent,eval-641dd768a926ab35
reaction_diffusion,pino,line_sensors_50pct,rollout,0.06475910542625668,original500_recovered,500,,consistent,eval-96fb1255cd8e33b0
reaction_diffusion,pino,horizontal_lines_50pct,rollout,0.060647390554561816,original500,500,,consistent,eval-05e0e542afb7eb26
reaction_diffusion,pino,vertical_lines_50pct,rollout,0.06419554301054183,original500_recovered,500,,consistent,eval-cc7497ea54e8176a
reaction_diffusion,pino,boundary_band_50pct,rollout,0.0726463435156372,original500,500,,consistent,eval-04a5051196618fc7
reaction_diffusion,pino,clustered_50pct,rollout,0.07806563281295498,original500_recovered,500,,consistent,eval-81381b30098e71ca
burgers,ufno_2d,random_50pct,rollout,0.24656602484479728,original500_recovered,500,,consistent,eval-3e94eb8ef5fa3333
burgers,ufno_2d,random_65pct,rollout,0.06282769718919722,original500_recovered,500,,consistent,eval-7fb1fb757d363a55
burgers,ufno_2d,random_80pct,rollout,0.048390370665971884,original500_recovered,500,,consistent,eval-63e1937a447d48cb
burgers,ufno_2d,block_observed_50pct,rollout,0.12712222560099995,original500_recovered,500,,consistent,eval-66e394c8c4d49364
burgers,ufno_2d,line_sensors_50pct,rollout,0.062049447213956055,original500_recovered,500,,consistent,eval-458d15ab01cb33f1
burgers,ufno_2d,horizontal_lines_50pct,rollout,0.8918929129754486,original500_recovered,500,,consistent,eval-b8144fe42953193b
burgers,ufno_2d,vertical_lines_50pct,rollout,0.18635520142908807,original500_recovered,500,,consistent,eval-aaecea6dc11a21d1
burgers,ufno_2d,boundary_band_50pct,rollout,0.20963366632258335,original500_recovered,500,,consistent,eval-bfc2eb0693a4301f
burgers,ufno_2d,clustered_50pct,rollout,0.08903074214386832,original500_recovered,500,,consistent,eval-38416ba8b81a4f96
burgers,fno,random_50pct,rollout,0.04471119260925211,original500_recovered,500,,consistent,eval-66858d88657999e5
burgers,fno,random_65pct,rollout,0.04515906452356754,original500_recovered,500,,consistent,eval-54db4ab857b8014f
burgers,fno,random_80pct,rollout,0.05671836234317323,original500_recovered,500,,consistent,eval-b6cb7a0df4b9fcf3
burgers,fno,block_observed_50pct,rollout,0.04821274512129986,original500_recovered,500,,consistent,eval-a2e7ca9dfb88305f
burgers,fno,line_sensors_50pct,rollout,0.04463775225029648,original500_recovered,500,,consistent,eval-1927fa8649dab172
burgers,fno,horizontal_lines_50pct,rollout,0.04467398076342243,original500,500,,consistent,eval-1cd2c208bc102b6a
burgers,fno,vertical_lines_50pct,rollout,0.0547689290189107,original500_recovered,500,,consistent,eval-c52ac51015935f62
burgers,fno,boundary_band_50pct,rollout,0.04756724192688432,original500_recovered,500,,consistent,eval-8d81ad15e8f834ea
burgers,fno,clustered_50pct,rollout,0.06528343061670383,original500_recovered,500,,consistent,eval-81aeb9041f798c24
burgers,cno,random_50pct,rollout,0.04950423334004756,original500,500,,consistent,eval-3bf883cec08dc16a
burgers,cno,random_65pct,rollout,0.05061815681623859,original500,500,,consistent,eval-ff9cc343f2e63b48
burgers,cno,random_80pct,rollout,0.049958782370919524,original500,500,,consistent,eval-1ec80a4979b0400b
burgers,cno,block_observed_50pct,rollout,0.0964840256190544,original500,500,,consistent,eval-f65881674c3a4edc
burgers,cno,line_sensors_50pct,rollout,0.05066033548203592,original500,500,,consistent,eval-f35873603a28a42d
burgers,cno,horizontal_lines_50pct,rollout,0.050989405399048886,original500,500,,consistent,eval-b5801746ba78f597
burgers,cno,vertical_lines_50pct,rollout,0.049796250770311884,original500,500,,consistent,eval-9d8a794b6463e3fb
burgers,cno,boundary_band_50pct,rollout,0.07656342783666883,original500,500,,consistent,eval-2d277dc79b8e6a4e
burgers,cno,clustered_50pct,rollout,0.1280356802926603,original500,500,,consistent,eval-d29883280d340f34
burgers,deeponet,random_50pct,rollout,0.0986976311674247,original500,500,,consistent,eval-df5eb4820b0d4151
burgers,deeponet,random_65pct,rollout,0.09745524410650427,interrupted_or_recovered,491,,consistent,eval-62c52f34018d2528
burgers,deeponet,random_80pct,rollout,0.0965372245565901,original500,500,,consistent,eval-17d06a80cbf07567
burgers,deeponet,block_observed_50pct,rollout,0.13760712513012052,original500,500,,consistent,eval-918cd06454e571cc
burgers,deeponet,line_sensors_50pct,rollout,0.10199672200981298,interrupted_or_recovered,443,,consistent,eval-9d83abbf30cd821a
burgers,deeponet,horizontal_lines_50pct,rollout,0.10880526263914442,original500_recovered,500,,consistent,eval-8e9b1f033136535a
burgers,deeponet,vertical_lines_50pct,rollout,0.10964594000892251,interrupted_or_recovered,339,,consistent,eval-ca9ad54b44fe9ad7
burgers,deeponet,boundary_band_50pct,rollout,0.09536432803665143,original500,500,,consistent,eval-ac252fcb460c7099
burgers,deeponet,clustered_50pct,rollout,0.20125827623434045,original500_recovered,500,,consistent,eval-0d1905066ca305f5
burgers,gnot,random_50pct,rollout,0.0730145592210702,fixed200_recovered,200,,consistent,eval-bf728b1e3a517411
burgers,gnot,random_65pct,rollout,0.06859868573118223,fixed200_recovered,200,,consistent,eval-dd6e9de922a61771
burgers,gnot,random_80pct,rollout,0.07432679420342135,fixed200_recovered,200,,consistent,eval-d75017fd27126ef0
burgers,gnot,block_observed_50pct,rollout,0.12273341048679455,original500,500,,consistent,eval-56c0c1db79befa54
burgers,gnot,line_sensors_50pct,rollout,0.10907761755917274,budget200_patience10_no_floor,200,max_epochs_200,consistent,eval-a5607684f17222bb
burgers,gnot,horizontal_lines_50pct,rollout,0.07298313161796954,original500,500,,consistent,eval-bf1d9e674e998767
burgers,gnot,vertical_lines_50pct,rollout,0.07101210843870902,fixed200_recovered,200,,consistent,eval-22a5b57041c4f3f6
burgers,gnot,boundary_band_50pct,rollout,0.08275585656024743,fixed200_recovered,200,,consistent,eval-237572291b23bd3a
burgers,gnot,clustered_50pct,rollout,0.13784080375341723,fixed200_recovered,200,,consistent,eval-e7df3ff390810a50
burgers,transolver,random_50pct,rollout,0.20242900076753595,fixed200_recovered,200,,consistent,eval-86da8bd52ea1bf5f
burgers,transolver,random_65pct,rollout,0.15476381841251732,fixed200_recovered,200,,consistent,eval-b62862ec3d63fd78
burgers,transolver,random_80pct,rollout,0.05757522970773545,fixed200_recovered,200,,consistent,eval-21e8136a36301291
burgers,transolver,block_observed_50pct,rollout,0.08298508082226638,budget200_min120,200,max_epochs_200,consistent,eval-5b1f0a762c4b1904
burgers,transolver,line_sensors_50pct,rollout,0.05652270718582848,budget200_min120,200,max_epochs_200,consistent,eval-dc1a4412aad2c3b1
burgers,transolver,horizontal_lines_50pct,rollout,0.055905889133796134,budget200_min120,200,max_epochs_200,consistent,eval-9ea6cad1d0ad19e5
burgers,transolver,vertical_lines_50pct,rollout,0.05689535643468726,budget200_min120,200,max_epochs_200,consistent,eval-96a45f0c0055435b
burgers,transolver,boundary_band_50pct,rollout,0.17239181876119591,budget200_patience10_no_floor,73,train_data_patience_10,consistent,eval-2daa8d68b377b73d
burgers,transolver,clustered_50pct,rollout,0.09749366402934287,budget200_min120,200,max_epochs_200,consistent,eval-48b82aba7135f3ea
burgers,pino,random_50pct,rollout,0.05114375388770582,original500_recovered,500,,consistent,eval-8a522abbaec7e5fb
burgers,pino,random_65pct,rollout,0.0519044806554486,original500,500,,consistent,eval-7abe036066c3bf1f
burgers,pino,random_80pct,rollout,0.04848813089527245,original500,500,,consistent,eval-e3bb6b196b969f4a
burgers,pino,block_observed_50pct,rollout,0.05545327373956439,original500,500,,consistent,eval-551abdef5a78b79f
burgers,pino,line_sensors_50pct,rollout,0.04550826738191656,original500_recovered,500,,consistent,eval-9ad18624b9701c37
burgers,pino,horizontal_lines_50pct,rollout,0.05556452588158355,original500,500,,consistent,eval-b125d38c6a987733
burgers,pino,vertical_lines_50pct,rollout,0.050385957302206213,original500_recovered,500,,consistent,eval-36b2f0423410e9e3
burgers,pino,boundary_band_50pct,rollout,0.0583975930238228,original500_recovered,500,,consistent,eval-33840c55dbb3fb93
burgers,pino,clustered_50pct,rollout,0.07776974814618147,original500_recovered,500,,consistent,eval-58d0a6956565c873
navier_stokes,ufno_2d,random_50pct,rollout,0.013267881685895731,original500_recovered,500,,consistent,eval-8f14733d1360c781
navier_stokes,ufno_2d,random_65pct,rollout,0.006377037419759482,original500_recovered,500,,consistent,eval-b2f3f4b82fc38f86
navier_stokes,ufno_2d,random_80pct,rollout,0.006678757451685297,original500_recovered,500,,consistent,eval-b802034f97fbf459
navier_stokes,ufno_2d,block_observed_50pct,rollout,0.054316744815960626,original500_recovered,500,,consistent,eval-55308ba326977c9d
navier_stokes,ufno_2d,line_sensors_50pct,rollout,0.010868908281842178,original500_recovered,500,,consistent,eval-48791ac492306d2c
navier_stokes,ufno_2d,horizontal_lines_50pct,rollout,0.009873402945853446,original500_recovered,500,,consistent,eval-efb1f5b42e8b70bf
navier_stokes,ufno_2d,vertical_lines_50pct,rollout,0.01135481022574592,original500_recovered,500,,consistent,eval-51e73dbf0ba4dca3
navier_stokes,ufno_2d,boundary_band_50pct,rollout,0.026491854477158402,original500,500,,consistent,eval-448a598d72b723fb
navier_stokes,ufno_2d,clustered_50pct,rollout,0.0906950449619282,original500_recovered,500,,consistent,eval-6fa274eba95d0d78
navier_stokes,fno,random_50pct,rollout,0.0020840257561744947,original500,500,,consistent,eval-2b937e0ee830c021
navier_stokes,fno,random_65pct,rollout,0.004704211081719363,original500,500,,consistent,eval-8d9e347417890d71
navier_stokes,fno,random_80pct,rollout,0.003473190764282866,original500,500,,consistent,eval-592e50a49f6264c2
navier_stokes,fno,block_observed_50pct,rollout,0.011502565704681727,original500,500,,consistent,eval-a6033c47fbc7cfbb
navier_stokes,fno,line_sensors_50pct,rollout,0.004177457811945916,original500,500,,consistent,eval-b544930ebe11bb6b
navier_stokes,fno,horizontal_lines_50pct,rollout,0.003773387837416487,original500,500,,consistent,eval-74528b9bd9a92711
navier_stokes,fno,vertical_lines_50pct,rollout,0.031025610421359654,interrupted_or_recovered,36,,consistent,eval-d01ff701eccefea9
navier_stokes,fno,boundary_band_50pct,rollout,0.007750026089958329,original500,500,,consistent,eval-6f3079dffd6530f9
navier_stokes,fno,clustered_50pct,rollout,0.024491110939180792,original500,500,,consistent,eval-a6865c91e8553c63
navier_stokes,cno,random_50pct,rollout,0.014386999355504198,original500,500,,consistent,eval-5527bff91b3d694a
navier_stokes,cno,random_65pct,rollout,0.013406329858153479,original500,500,,consistent,eval-e98280842f1ed683
navier_stokes,cno,random_80pct,rollout,0.01365435143176762,original500,500,,consistent,eval-cdf5a53ebab95430
navier_stokes,cno,block_observed_50pct,rollout,0.08718537013905882,original500,500,,consistent,eval-6572e5c4276c729f
navier_stokes,cno,line_sensors_50pct,rollout,0.018798361172437925,original500,500,,consistent,eval-2008130cfed62aff
navier_stokes,cno,horizontal_lines_50pct,rollout,0.01698750765626433,original500,500,,consistent,eval-6afd8994e5e2d6a0
navier_stokes,cno,vertical_lines_50pct,rollout,0.017527677940520445,original500,500,,consistent,eval-710f3e121cfcede3
navier_stokes,cno,boundary_band_50pct,rollout,0.056168723641569274,original500,500,,consistent,eval-102295c76832f811
navier_stokes,cno,clustered_50pct,rollout,0.12489798415932933,original500,500,,consistent,eval-661e756724df708d
navier_stokes,deeponet,random_50pct,rollout,0.034597911360098405,original500,500,,consistent,eval-83e86cdd2a524937
navier_stokes,deeponet,random_65pct,rollout,0.033089413629234954,original500,500,,consistent,eval-94a0593badc964b6
navier_stokes,deeponet,random_80pct,rollout,0.030479623307645275,original500,500,,consistent,eval-3a5020f9286ae01d
navier_stokes,deeponet,block_observed_50pct,rollout,0.09372111079213213,original500,500,,consistent,eval-e2c405fbd72cb74f
navier_stokes,deeponet,line_sensors_50pct,rollout,0.08650226296687057,interrupted_or_recovered,128,,consistent,eval-37b7ba4cc34e37e0
navier_stokes,deeponet,horizontal_lines_50pct,rollout,0.05228080562751083,original500,500,,consistent,eval-a923f4f12547e915
navier_stokes,deeponet,vertical_lines_50pct,rollout,0.054503144789491316,original500,500,,consistent,eval-1283e293f1a2b41d
navier_stokes,deeponet,boundary_band_50pct,rollout,0.041495718668827335,original500,500,,consistent,eval-1b4fec65566c6b4e
navier_stokes,deeponet,clustered_50pct,rollout,0.17846041073554797,original500,500,,consistent,eval-6810d6ed52f4e4c0
navier_stokes,gnot,random_50pct,rollout,0.019500168906621432,fixed200_recovered,200,,consistent,eval-43d7d56223fe305f
navier_stokes,gnot,random_65pct,rollout,0.01323424297644114,original500,500,,consistent,eval-9a11e5c6db45efd0
navier_stokes,gnot,random_80pct,rollout,0.030420673279506635,fixed200_recovered,200,,consistent,eval-d57419cb2eda2493
navier_stokes,gnot,block_observed_50pct,rollout,0.11928884154543291,fixed200_recovered,200,,consistent,eval-ec4f9eb682783e8a
navier_stokes,gnot,line_sensors_50pct,rollout,0.06648212180155967,fixed200_recovered,200,,consistent,eval-8522a5605c0d35f3
navier_stokes,gnot,horizontal_lines_50pct,rollout,0.06626098888608487,fixed200_recovered,200,,consistent,eval-8103d7841bfbaeed
navier_stokes,gnot,vertical_lines_50pct,rollout,0.028828631485993253,fixed200_recovered,200,,consistent,eval-6c4960568df64d77
navier_stokes,gnot,boundary_band_50pct,rollout,0.04233916389245098,fixed200_recovered,200,,consistent,eval-e486dbcb885faae7
navier_stokes,gnot,clustered_50pct,rollout,0.18752353996696364,fixed200_recovered,200,,consistent,eval-b7f12591de4fb1f2
navier_stokes,transolver,random_50pct,rollout,0.03287572531354525,budget200_min120,200,max_epochs_200,consistent,eval-4aa88c92f0c09952
navier_stokes,transolver,random_65pct,rollout,0.03263855925580226,budget200_min120,200,max_epochs_200,consistent,eval-67d696c7e5ccac48
navier_stokes,transolver,random_80pct,rollout,0.032874045010210344,budget200_min120,200,max_epochs_200,consistent,eval-9e890a6e5eea376a
navier_stokes,transolver,block_observed_50pct,rollout,0.0637702748397977,budget200_min120,200,max_epochs_200,consistent,eval-a0cfeffcde08ab44
navier_stokes,transolver,line_sensors_50pct,rollout,0.0215828006744743,budget200_min120,200,max_epochs_200,consistent,eval-7a8bf4c0e0a0d624
navier_stokes,transolver,horizontal_lines_50pct,rollout,0.11950470385087478,budget200_patience10_no_floor,31,train_data_patience_10,consistent,eval-31aceaa033209b3f
navier_stokes,transolver,vertical_lines_50pct,rollout,0.016939348637153396,budget200_min120,200,max_epochs_200,consistent,eval-298f88ee81b1f1c0
navier_stokes,transolver,boundary_band_50pct,rollout,0.039378433825515285,budget200_min120,200,max_epochs_200,consistent,eval-0ba87c4017195701
navier_stokes,transolver,clustered_50pct,rollout,0.12980029610252986,budget200_min120,200,max_epochs_200,consistent,eval-136ff7fe7abb4803
navier_stokes,pino,random_50pct,rollout,0.002586382026094807,original500_recovered,500,,consistent,eval-8a7d72d9561a4904
navier_stokes,pino,random_65pct,rollout,0.0023552253872311146,original500_recovered,500,,consistent,eval-b4a5ee98d6efbccb
navier_stokes,pino,random_80pct,rollout,0.0016860694997383866,original500_recovered,500,,consistent,eval-e7e680e6638e6e1e
navier_stokes,pino,block_observed_50pct,rollout,0.01729340906857629,original500_recovered,500,,consistent,eval-1966a68a588e1643
navier_stokes,pino,line_sensors_50pct,rollout,0.0046315073404252175,original500_recovered,500,,consistent,eval-abe24b7e0ef36bd6
navier_stokes,pino,horizontal_lines_50pct,rollout,0.0024582939698575886,original500_recovered,500,,consistent,eval-d147b059b3a6c9ac
navier_stokes,pino,vertical_lines_50pct,rollout,0.0023795914597379256,original500_recovered,500,,consistent,eval-5264262c40655892
navier_stokes,pino,boundary_band_50pct,rollout,0.016611426366384012,original500_recovered,500,,consistent,eval-9abc77ccd2304a58
navier_stokes,pino,clustered_50pct,rollout,0.051335624889049074,original500_recovered,500,,consistent,eval-1273664a989024e8
